230092046886466.56, 146199603397319.47
231301371959712, 146507058924415.75
255696747663780.75, 152709273086467.12
324243632244058.7, 170136447132300.5
-1191915712453207, -215327793044970.44
264692692517740.34, 154996377710355.2
149515094829686.5, 125713937620172
297377068360926.8, 163305964789131.4
283247428662250.3, 159713683509806.88
284314974855978.5, 159985093559059.78
255886389435947.5, 152757487096340.03
267336437718364.44, 155668516320683.34
146962633265632.5, 125065006714056.56
192577920503537.22, 136662113638947.6
18009317231143.703, 92280265349356.02
145567973628786.88, 124710432230112.77
279574801440828.44, 158779964724699.6
192291660896262.53, 136589335772691.31
305504189194257.8, 165372181950147.75
267128347198796.84, 155615611951301.75
278755639721293.7, 158571703270580.6
283356590580005.44, 159741436539744.6
304688430671280.25, 165164785715492.44
294114326749733.5, 162476454210014.44
270124185093629.03, 156377265653377.72
332988932809275.5, 172359828631931.9
204254532962634.12, 139630743925158.69
284820695818501.8, 160113666685125.03
202828416428626.4, 139268171924987.22
302195579058157.7, 164531009881647.72
280101763233588.2, 158913938061841.9
204391084448559.44, 139665460404631.22
307555144633248.6, 165893611299043.72
259636425349733.2, 153710886057472
277149334107461.44, 158163320487402.9
248898681262107.6, 150980951119940.06
57030028243615, 102200785098289.4
245296118551698.97, 150065045346107.38
186561573789645.62, 135132533965924.31
9475220551056.926, 90110579752723.8
267368429058601.75, 155676649712269.1
323632476220633, 169981068482277.03
259107141505424.47, 153576322368240.97
149329519388743.34, 125666757423322.03
209497391307340.47, 140963674012795.88
259816458770740.4, 153756657266202.66
264859138249483.88, 155038694421815.38
338775466185363.3, 173830981185174.56
272611372396807.25, 157009601408423.03
193336028767628.7, 136854853028123.39
342880463026593.5, 174874624449894.12
-2527643458843234, -554919592974638.25
281927119893462.6, 159378011788928.62
269489237728634.94, 156215838357192.78
321618553671664.25, 169469054274912.1
277756955134566.28, 158317800409548.22
261322058239220.8, 154139436792087.5
256329810729228.03, 152870221323445.25
289504723095517.2, 161304521077586.56
139926175152486.1, 123276076685290.53
107280529596462.77, 114976336289691.38
275180636126300.88, 157662804051514.62
285515272339138.5, 160290253936134.38
293892355750697.8, 162420020905174.88
302390695186750.3, 164580615677052.62
282937131048817.56, 159634794286052.78
104134875415210.03, 114176593701237.3
-1053244046417368.9, -180072284730774.3
336986749781654.4, 173376222777451.97
287956322940335.9, 160910860021184.53
268876249258438.6, 156059993830871.7
276169227245755.38, 157914140776799.7
243207139938258.53, 149533949088453
62061645354156.2, 103480009787410.05
295499890616753.7, 162828716210104.3
233697841193546.84, 147116330763526.3
268793078364617.38, 156038848688374.75
-96381867444947.53, 63197760770688.78
299264956764718, 163785936417213.9
322870759697964.94, 169787411739225.84
311343486153923.06, 166856748973791.47
286072550692776.5, 160431934873499.97
277285656325994.5, 158197978678555.38
277819222596689.47, 158333631120257.5
320842250777334.2, 169271689132285.8
266822382297286.25, 155537824264477
269886914799869.56, 156316942697337.2
305127020648756.5, 165276291641969.44
287817383781203.7, 160875536506150.94
277801994206826.25, 158329251021139.72
268828526064068.8, 156047860815353.94
299906426568443.7, 163949021960534
262835304013818.5, 154524160294103.84
233421443372389.97, 147046060131028.8
267282857002220.5, 155654894104714.53
291340763417818.8, 161771310990036.12
176656143306971.47, 132614204182193.6
293724547268794.8, 162377357731809.7
219837733481940.44, 143592574565660.28
299670257056878.75, 163888978864373.4
289829174024538.25, 161387008601913.97
333349925556057.4, 172451606448910.34
283009382269369, 159653163240430.25
250308295776413.7, 151339327691373.8
288433302126057.8, 161032125915859.62
267856455019517.6, 155800724109112.1
251389802763530.75, 151614287094878.16
170580968468092.2, 131069668206207.34
323430394559466.5, 169929691788760.12
301426146879492, 164335391531139.5
213552275589387.6, 141994576796367.2
286156535973550.1, 160453287063527.16
59299686218564.51, 102777816786835.89
285832682138006.44, 160370951342626.22
250817458602567.22, 151468775867514.56
292500958140289.4, 162066275749986.28
287029716055461.25, 160675281999606.25
284948123704214.75, 160146063605221.56
249632989776404.28, 151167639725269.75
302886014385020.2, 164706544286782.25
277119861778498.47, 158155827522412.3
335358263581347.5, 172962200862119.72
287323975615856.9, 160750093752249.22
273730377960965.22, 157294094348463.2
292888060386068.2, 162164691575184.28
234841607494928.44, 147407118806250.44
281203107744002.28, 159193940903472.62
188484472135580.66, 135621406426755.25
263986068489270.28, 154816727533625.5
189299542051939.97, 135828627591931.34
283686623907912.7, 159825343318026.1
305301597647356.75, 165320675624664.44
291061053568038.8, 161700198316363.25
-143404039475658.5, 51242971271355.45
324987462269634.5, 170325556460836.75
300484147312781.44, 164095900115874.1
282191126788151.94, 159445132185883.53
162361884303009.56, 128980070537118.53
-116700034974668.1, 58032124958047.94
264804848552186.3, 155024891956400.75
319628382044332.8, 168963078437454.94
12553988046544.916, 90893317251576.67
275014888031712.6, 157620664705432.88
245896471604669.56, 150217677478218.53
250694373592019.66, 151437483068222.78
288547873011022.44, 161061254106952.3
288780026680895.2, 161120276226411.5
324393119878739.44, 170174452463151.56
279894828783268.34, 158861327608370.75
116056736963998.92, 117207575450929.39
329603176682409.3, 171499043175948.97
-604216899570295.2, -65912840617111.5
272435109081267.88, 156964788701082.5
-222155809285138.34, 31221334879114.812
304786265863534.1, 165189659069455.28
284144025472770.06, 159941631851464.44
233009875586176.38, 146941424253177.88
341052256064347.2, 174409826069662
-12428428634912.297, 84541855383409.58
254334619283164.28, 152362969260886.7
272557165254664.97, 156995819931607.2
268453082193121.84, 155952408983757.25
313632461261109.7, 167438691797652.47
305306353582492.6, 165321884760715.94
260693381926191.44, 283905611076081.56
278626367598553.38, 271178976082792.44
-738881175691925.4, 993281103579261.2
282951753407226.7, 268109347444379.12
-202671856682706.88, 612745457830783.6
204124398971791.38, 324051340914688.06
286992965723073.75, 265241390317003.78
226819196206092.3, 307945355780668
279431180999414.28, 270607818185407.28
287131665109061.8, 265142958494689.7
229004850491894.1, 306394246287518.4
265094267148057.8, 280782402208950.6
260187923176863.6, 284264323736894.9
253017942993118.16, 289352696770520.7
279239069403300.03, 270744155447165.78
246940953630161.5, 293665398899070.56
274186463624382.88, 274329875677365.06
248555225602967.22, 292519786531272.94
282835246344459.1, 268192029876020.62
77714514516491.53, 413761581495868.6
183856928645530.03, 338434706952680
271001736612806.6, 276590004524290.16
270135526216293.38, 277204734483106
292554730233869.7, 261294331631922.8
257470519083472.16, 286192804061237.2
276480848730257.62, 272701602376421.7
228211801269605.3, 306957055413013.6
270294562389471, 277091870102141.22
279510489452327.84, 270551534767210.56
288716849377213.1, 264017989014066.16
280984428201903.9, 269505513719124.3
287972399545744.1, 264546308249302.22
287437221924594.8, 264926111722375.94
275447912209104.16, 273434654101111.25
257653973984195.44, 286062610260723.9
214453576397607.28, 316720956935076.75
293636393315869.6, 260526699767277.7
290399609324242, 262823772277465.03
247972673328311.6, 292933210726189.8
248427805198301.25, 292610213915229.44
228361442536221.4, 306850858385092.56
291788768636955.9, 261837917281345.5
284463733902892.94, 267036329028099.84
238233086856407.6, 299845175319154
262776017236173.8, 282427611823836
274752988213978.7, 273927825968619.62
269700653743450.78, 277513353657381.38
236941871721714.34, 300761521543775
273007168946829.25, 275166794480790.22
289246485540450.94, 263642118188542.56
227996907511463.6, 307109560660727.1
283381421030535.8, 267804422034288.78
253770302363600.2, 288818764314049.56
177317903054247.2, 343075305759396.9
292395359555226.1, 261407433403863.4
286519525026430.7, 265577380488815
271625423096748.97, 276147388309879.44
268693655892761.4, 278227997293354.5
244553037652630.97, 295360048947640.6
277883496364404.6, 271706175023156.1
224083848678182.75, 309886570155313.5
279195993494296.84, 270774725447103.53
273393597239166.72, 274892555047518.47
249528172646784.84, 291829307984047.5
221309261527228.4, 311855632004377.9
274068067974410.88, 274413898396700.03
243887454047486.03, 295832398602904.75
285620021425028.8, 266215737883358.25
282159051249968.56, 268671910265659.1
282684833332598.7, 268298774594115.12
266418404177126.75, 279842692059288.75
255979753433774.16, 287250766780377.7
207029401985226.12, 321989725872895.6
279205873499760.03, 270767713830323.2
251448405344455.62, 290466562198603.75
258947563179242.44, 285144579219077.6
250588816362666.28, 291076593088905.9
221531631644699.12, 311697820953269.6
276782488629326.72, 272487535351275.88
247979583166357.78, 292928306970157.06
268567131154778.2, 278317789042890.97
282599731703912.8, 268359169298343.8
283226982931801.94, 267914023265648.3
293622461121948.8, 260536587130705.34
250005749386035, 291490382556192.56
283644691163732.4, 267617585165568.62
262254836486552.34, 282797482033244.8
257197766195140.75, 286386370627149.8
251104348479978.4, 290710731586297.25
241544710846150.8, 297494990552239.44
253412366373063.6, 289072783404107.75
269688507902788.6, 277521973286238.4
276833393607423.72, 272451409237787.7
291442027973987.44, 262083991300226.34
291966319291777.8, 261711913590826.72
-201064080802600.56, 611604455593288.8
263413712173843.97, 281975054126134.6
260349089824223.8, 284149947406510.2
279079922253288.5, 270857098585883.66
255665000883473.2, 287474139558010.6
244230543836462.06, 295588915526857.25
121239517165014.4, 382872869938852.4
-247284465367714.88, 644406018833047.4
247401206182599.7, 293338768055404.75
271723824856040.94, 276077554803285.12
286342943778851.06, 265702696212903.75
206056187504952.5, 322680394213735
263389433121279.28, 281992284421503.06
-311997907543652.7, 690331687474035.5
253779767533799.66, 288812047096488.6
279577742827509.3, 270503806565468.88
249508607489986.3, 291843192934033.56
282930284183594.4, 268124583667602.06
268322073323963.5, 278491701051856.22
289674000513266.1, 263338720465899.53
265353296456355.03, 280598574957900.94
216433081170321.8, 315316147096376.1
269357232243484.78, 277757072141228.22
274290669208287.22, 274255923327497.47
205472368253270.88, 323094717553638.06
291466753237121.8, 262066444339292.25
254493851482341.34, 288305277842684.9
276514893180887.2, 272677441798555.53
273974319849722.28, 274480429323898.38
232067344522818.75, 304220863426862.2
288940559845152.75, 263859226746496.12
265499470960345.34, 280494838213133.62
244423977277941.97, 295451640181290.9
268557613831229.3, 278324543272506.28
285392425517784.56, 266377257559467.1
247371396614211.38, 293359923232970.6
283776623881002, 267523955495248.25
276238237330084.8, 272873778208802.38
268867838104868.4, 278104384110568.88
-346845143964405, 715061984288762.9
288376200341732.56, 264259739942471.72
268784242674062.2, 278163709900173.28
291805095255052.9, 261826330649147.62
273855992796335.16, 274564403361786.03
290843891605700.2, 262508475174494.72
222801756080626.6, 310796442321321.1
269345828852052.66, 277765164870631.66
275565382808806.38, 273351287869064.5
154435753587090.3, 359314250542540.44
254793825496008.62, 288092393058791.94
227395702104671.9, 307536222562321.25
282045914574490.06, 268752200809547.06
236206251133081.5, 301283574864740.25
257976767684580.62, 285833530860450.5
248648275100336.88, 292453751404107.4
286260411606857.3, 265761267431738.03
161113168868769.12, 354575439697478
264084213732666.72, 299164354205220.25
281427266506759.62, 285650287108524.5
279733028736501.28, 286970472384050.5
-1027376823724169.5, 1305497630145612
222857445311886.1, 331289108818815.56
289801338532794.94, 279125036179146.34
235883128879679.38, 321139225519236.4
288192216301721.25, 280378897657905.06
287706921103074.44, 280757049760746.72
266292579290002.03, 297443549874829.1
331275018361850.9, 246807883065596.25
268395684464858.97, 295804766621693.9
330052424572979.8, 247760553550430.84
258594866787586.97, 303441767409178.5
290598030132865.8, 278504237529740.44
254650768664093.38, 306515090622290.44
273365635562216.97, 291932077454921.4
253834563564473.88, 307151094596019.9
278479820184940.25, 287946998528124
175972658332766.12, 367822709062285.6
160994265131448.6, 379494184284091.5
269613672014861.16, 294855685413899.94
295429247177456.94, 274739652819669.44
262600278871513.9, 300320667084040.6
275159936233103.97, 290533921087996.44
237564720331416.6, 319828894517882.7
276401144794113.6, 289566745585911
290876850487221, 278286974915957.2
289945898787905.6, 279012391824514.62
287648584866824.5, 280802506568214.22
313194967313209, 260896234532070.44
284214311355369.75, 283478563849867.25
342775027749367.8, 237846836789609.03
297951147923407.5, 272774535355292.38
275195938582414.88, 290505867309312.6
258771480930216.62, 303304145999337.25
224312333809299.94, 330155429470181.4
300963055394780.25, 270427594468508.44
266852469282688.44, 297007271958450.1
254068638457641.9, 306968698575369.5
239749048198848.47, 318126820854948.75
284313461146823.94, 283401304272110.75
287556331396485.06, 280874392389257.94
245340478934739.94, 313769861839968.44
267946105597306.72, 296155087817189.1
276670701540453.3, 289356701367983.94
269275389774675.06, 295119281964694.3
241250491960591.75, 316956864676967
305710578348948.5, 266728225932792.9
251231978860000.47, 309179082677427.75
326619910561944.75, 250435239792795.84
274471939913270.47, 291070022116438.1
281695012358808.4, 285441653977057.94
243234094418636.22, 315411200423945.4
285271469661046.4, 282654804131158.2
202903223720284.94, 346837852916167.1
307082707744971.9, 265659034195631.84
345086869338542.5, 236045401785057.3
287193251776060.56, 281157311574004.28
271926548766859.9, 293053443788965.9
291960616455097.56, 277442481953975.44
269678441159524.16, 294805215950526.2
179170329767557, 365331017035175.9
310260442509011.9, 263182877236639.62
275967900178083.47, 289904338793207.25
230907187537721.62, 325016582409073.56
289053308234886.75, 279707916930763.1
273131062072322.47, 292114861992501.5
289716559800342.56, 279191097529109.22
243033829809458.03, 315567250768759.5
293842381461341.2, 275976171559499.9
335196570516619.1, 243752128139802.8
209101958802048.56, 342007669735572.06
283922432520726.8, 283706001902835.75
257349203068895.62, 304412414462704.25
300151869618511.1, 271059687281185.7
281237711388556.44, 285797992395436.06
323793117954587.75, 252637935330996.1
328380784369718.5, 249063130332192.9
287007223755956.1, 281302268472786.97
277076329513010.8, 289040627623133.94
258558669392525.97, 303469973171563.75
305307401157327, 267042389978212.25
220283554322882.22, 333294738160896.5
275557845773025.75, 290223861706239.2
292458783437526.44, 277054299889745.2
231080241967051.78, 324881734801803.4
273102768008109.4, 292136909315264.94
244179503395524.25, 314674518104292.3
328953560613304.06, 248616811181347
243613828432809.25, 315115303789524.8
314217279690568.75, 260099627484777.12
274858112519194.06, 290769108397536.6
326684759723440.44, 250384707978643.34
275636437297876, 290162621557005.25
261063722448974.06, 301517983776928.8
281773451950568, 285380532217245.25
284005557483243.7, 283641229204770.7
296748711372613.9, 273711498901365.34
262812261867500.5, 300155485528726.44
265910602456631.06, 297741194160572.75
280730916704343.38, 286192897344173.5
339249228910885.9, 240594212507906.66
276764056810594.5, 289283957001640.2
259930432601336.6, 302401066775087.9
307893646461091.8, 265027133897356.56
243448547372517.3, 315244094226115.9
247337309861392.8, 312213889689329.8
260082267860458.5, 302282753586161.75
245624664212284.28, 313548418766557.25
269252366948491.06, 295137221829253.25
326645990861119.8, 250414917481750.3
274454849323888.47, 291083339458813.7
344493232458723.9, 236507975977123.78
295982559818496.5, 274308500112365.9
330800100377607.6, 247177949027344.25
295006900820369.5, 275068753877140.2
22542943630385.574, 487378330908296.5
269063123518189.94, 295284684242474.9
261500163530323.66, 301177899817435.6
250802769475056.44, 309513531548812.7
281389892783807.3, 285679409490045.75
262637664314155.34, 300291535570294.06
339190775362406.4, 240639760727501.06
348226224503660.06, 233599151007043.62
250286576922051.06, 309915759512193.5
336925963573901.3, 242404549134128.38
166763871643401.56, 374998387002050.25
62513517222894.586, 456232429407640.1
238569214794695.2, 319046171559483.8
284714811703873.5, 283088563578305.9
274030189128585.47, 291414243507101.75
312311637374579.25, 261584543575158.56
290476383236076.25, 278599027319446.62
313678343896881.3, 260519577453884.22
259256908966319.88, 302925890386789.25
-65051095605853.04, 555633426417053.9
310789656555217.3, 262770502655180.84
256008969160171.44, 305456752573398.44
256037455610101.84, 305434555339686.4
313461165964427.7, 260688807011640.3
255102360571979.88, 306163200823937.3
285349465724428.44, 282594027977873.5
288156476475224.25, 280406746873357.25
301407982545680.94, 270080897987287.12
335253583982597.3, 243707702062417.22
342075870961072.25, 238391634286982.2
260782861543320.72, 301736836430684.7
82178987511414.28, 440908686325676.75
341136173979264.7, 239123865701377.7
284108640396167.56, 283560904857037.8
243086029793892.28, 315526575456213.4
219422974511067.3, 333965319832440.56
283415724222186.9, 284100839538061.7
267462686751539.56, 296531777826877.8
266110189520673.06, 297585671773007.5
272690178544380, 292458407598690.44
258085165945191.4, 303838936896759.5
322572974640367.56, 253588696355063.78
245461498855594.28, 313675560602939.06
293292935978833.94, 276404310896518.56
268416970089211.5, 295788180420899.7
306445026525021.25, 266155928652736.22
251101964530351.25, 309280392544686.9
280039989220318.22, 286731282396660.7
286829762574414.5, 281440549912949.28
255089200015481, 306173455803027.3
287980876890599.94, 280543577718519.06
274212745966791.6, 291271991425382.7
265466499500329.22, 298087248412236.5
-2195153760669943.5, 2215453684908552.8
277514071408507.97, 288699530042227.1
275648477309379.03, 290153239729860
308545333838097.94, 264519325551637.5
288411201536987.5, 280208259812243.03
293270617236484.3, 276421702124323.44
237391799698054.38, 319963637868554.56
274209623613746.56, 291274424427755.44
339991731599222.2, 240015638984527.7
34918383433406.953, 477735131061786.4
348063652858689.4, 233725830210916.9
284074234333337.8, 283587714776125.9
239224868822233.03, 318535272317246.5
283353235173044.06, 284149532303627.5
244949098185322.44, 314074833852501.5
297918909711605.56, 272799656039813.38
244557498316252.72, 314379976607620.8
270808603866858.06, 293924569685071.2
281379486530521.8, 285687518258839.7
317160204986862.25, 257806438942210.75
114559522380367.11, 415677100713505.6
229551836138116.6, 143768655029744.7
219612269756294.72, 99040606311546.25
249396094719770.53, 233067818647187.38
271758604037167.5, 333699110575473.75
249384963634661, 233017728764194.5
275765673766652.72, 351730924358157.25
250590353454541.53, 238441982953656.88
210459914013984.38, 57855005471149.69
221312111256423.25, 106689893062124.66
252103446815500.5, 245250903077972.25
267532332593880.97, 314680889080684.4
255797476737178.88, 261874037725524.94
278590062320070.44, 364440672848537
272104094118947.84, 335253815943485.3
261039025731929.8, 285461008201904.1
255634161188053.84, 261139117754462.3
273277800512374.34, 340535494713904.56
253925653120897.1, 253450831452256.94
272227676626087.53, 335809937225613.9
271381141740073.47, 332000530238550.6
271477035669928.03, 332432052922896.1
270069020295828.97, 326095983739450.4
-Infinity, -Infinity
238169365032551.47, 182547535054701.62
269612781914621.25, 324042911024015.6
225698231473807, 126427434040351.5
280147770150443.7, 371450358085216.6
247436713560729.94, 224250603431504.72
268851966829841.53, 320619243142506.9
212567304178131.62, 67338261209812.31
215196492017384.03, 79169606486448.12
267087369998222.75, 312678557400222.4
271911537101482.22, 334387309364890
282383193619679.94, 381509763696779.75
249937971028372.84, 235506262035897.78
240460728608820.9, 192858671147914.1
253844175515211.8, 253084182226673.16
242784034161240.44, 203313546133801.97
243295708189009.66, 205616079258763.44
254167565558170.94, 254539437419989.22
273072125060912.03, 339609955182324.1
251154651669985.6, 240981324923155.2
245319184214754.7, 214721721374616.1
171829531052550.03, -115981717855304.88
250318267577116.44, 237217596505243.97
271919524493658.4, 334423252629682.8
274384018184909.28, 345513474240311.75
256205080592491.25, 263708255074430.62
239129688467739.56, 186868990513048.03
213019678279320, 69373944665160
263441284857436.75, 296271174266685.4
276352435289057.66, 354371351208979.44
237966202349115.06, 181633302979237.78
282459780627998.5, 381854405234213.25
269851683825379.97, 325117969622429.9
274905682517347.84, 347860963736285.3
256894785717149.22, 266811928135391.5
281113725473680.88, 375797157039783.94
255347632992543.53, 259849740874665.88
268678323011503.75, 319837845959986.9
262306972222170.3, 291166767407986.4
269108860163591.5, 321775263144381.75
271064077948052.16, 330573743174454.7
260011685874089.12, 280837978841621.06
277103159045059.34, 357749608110987.06
253170553767043.5, 250052884359915.75
272728235977069.78, 338062454305034
273882682082468.47, 343257461779328.1
235754826999728.16, 171682113906996.72
272073021835920.28, 335113990669861.25
259648789667897.53, 279204945913758.88
251847516030256.47, 244099214544374.12
210944902839253.6, 60037455184861.19
271486714148341.44, 332475606075756.5
269470820517423.7, 323404084736626.6
252373694312257.94, 246467016813380.7
272449745242919.16, 336809246001356.2
234110360123920.53, 164282012965862.38
269801044470732.75, 324890092526517.4
243690529833193.2, 207392776657589.34
256660718191366.6, 265758624269369.7
271518852412100.9, 332620228262674.06
236700595746992.66, 175938073269686.94
155283871670036.03, -190437185076617.88
258173877031859.2, 272567839051586.34
250746644988294.38, 239145294855544.7
254479458970197.4, 255942957774108.3
266554211177701.62, 310279342707877.3
254453681200030.88, 255826957808358.94
245852303265948.97, 217120757104990.34
277315492989978.38, 358705110863122.7
205139481522667.03, 33913059260221.625
205875617729865.75, 37225672192615.875
258217790626625.38, 272765450228034.2
247114273286400.25, 222799622197021.12
242254580602969.84, 200931005121584.28
269397997974998.97, 323076383295715.4
240649985383676.84, 193710326634765.78
261599600332837.6, 287983593905989.2
259229670115874.38, 277318907929654.7
258232844737140.66, 272833193725352.94
261217932075044.3, 286266086745919.4
248613978821445.53, 229548297104724.88
237348991941157.56, 178855856143429.03
257022780779728.1, 267387905916996.44
204422795527216.38, 30687972280693.688
268484199414802.97, 318964289774833.4
158905750911896.72, -174138728488244.75
252055796980693.28, 245036478821339.75
270795413208690, 329364751847325
213334550613197.62, 70790870167609.31
281324718136537.12, 376746624022637.06
262378450625776.72, 291488420224215.25
270876787633088.2, 329730936757116.9
263164082949056.34, 295023765678973.56
278052918326323.78, 362023524876677
264568537544881.84, 301343811360188.3
256505013780046.94, 265057954418431.22
274909717805619, 347879122533505.5
272649848177116.56, 337709709205244.5
247772155577713.97, 225760092507932.84
245793387607542.75, 216855636642162.38
269888025318713.56, 325281506342431
260247732457585.28, 281900188467353.75
235374543485166.75, 169970838091470.38
243811880645495.56, 207938855312950.03
179889805281542.5, -79710483824838.75
257588283361393.38, 269932667534490.2
264468720708459.56, 300894635596288
258375398078104.94, 273474683759692.22
231055954479030.9, 150537187563859.1
231826295164082.88, 154003720646592.94
268644559036053.97, 319685908070462.9
71102866897908.56, -569251706551191.5
270015751358463.84, 325856273521307.3
244760764402284.1, 212208832218498.4
269266366612353.06, 322484042163808.75
209187532145044, 52129287060918
271153092749335.25, 330974309780228.6
279483224711338.12, 368459903609241.56
213878782460153.53, 73239913478910.88
202825991766234.9, 23502355356277.062
-1228638226591899.2, -6418086627255327
274770355267090.5, 347251991110127.25
256803826475831.16, 266402611549460.2
260174832293606.7, 281572137729450.1
281533569755897.56, 377686456309759
276399655448325.62, 354583841925685.3
266895213407609.5, 311813852742462.75
265506683401942.56, 305565467716961.5
249276546098782.84, 232529849852742.78
185913829342500.62, -52602375550527.19
233147402828103.97, 159948705134687.84
232603127788038.47, 157499467454393.12
167138277360716, -137092359468558
242880404293267.2, 203747211727922.34
276710061182703.8, 355980667730387.1
270865059328787.6, 329678159387764.2
219360244406107.88, 97906492235705.44
256745507575918.28, 266140176499852.25
257213611967068.97, 268246646260030.38
-8780317846416.202, -928726037900653
226155490215155.4, 128485098376419.31
256365034041058.06, 264428045592981.28
261921088684294.06, 289430291487543.25
240648875372285.75, 193705331583505.88
241638969515989.38, 198160755230172.2
263136641557628.78, 294900279417549.5
279544208944045.75, 368734332656425.9
259296641702101.44, 277620280067676.47
251211901935341.75, 241238951117257.88
235351470454825.22, 169867009454933.47
247652335753973.53, 225220903301100.88
178232932132406.34, -87166412995951.5
262692841497021.7, 292903179144817.6
258854675069864.53, 275631430222610.38
253750467526735.53, 252662496278529.88
258366063432614.28, 273432677854984.25
262124675324306.8, 290346431367600.6
269313535672877.9, 322696302936170.56
262848817127836.47, 293605069483484.1
254165097429407.94, 254528330840555.72
244479897883276.2, 210944932882962.84
264558743697455.66, 301299739046770.44
270234352151988.66, 326839977092168.94
264755498453383.88, 302185135448447.44
239618475016090.16, 189068529980625.72
271373563923148.72, 331966430062389.25
224001327251893.47, 118791365041740.62
271079952915650.6, 330645180528647.7
279315392769830.9, 367704659872459.06
254297496444905.56, 255124126410295.03
257684029769287.38, 270363526370013.2
271811365881671.22, 333936538875740.5
198076771566015.66, 2130864455290.5
233329444514171.53, 160767892721991.88
264763136440332.62, 302219506389716.8
275852637360516.16, 352122260530542.7
249017044022817.72, 231362090510899.75
252542854168491.72, 247228236166432.75
239299212125198.9, 187631846971615.1
267010488637503.72, 312332591276986.75
253475244656631.22, 251423993363060.5
254451530331639.7, 255817278900598.6
257180683243644.47, 268098467004620.12
273788169047899.28, 342832153123766.75
271193016715195.56, 331153967626600
229597090932502.62, 143972301604481.8
270817497390517.88, 329464130665550.44
255252643147947.7, 259422286573984.6
219990534141050.25, 100742796042946.12
240828338764414.44, 194512916848084.97
261397994371065.3, 287076367078013.9
275984398561357.03, 352715185934326.6
233824939077389.7, 162997618256473.6
278212286215974.7, 362740680380106.1
260112289256429.66, 281290694062153.44
262801721563438.62, 293393139443693.8
270740880328644.75, 329119353887121.4
254587962759802.28, 256431224827330.25
270707625374957.3, 328969706595527.9
245204258289146.1, 214204554709377.4
250365777450239.56, 237431390934298.03
191007122320237.56, 83437798619151.4
264577020496206.8, 198590682720668.5
274343568796276.75, 213877453972951.88
288441052521318.7, 235943080673017.5
273584820937928.3, 212689848629449.97
277649944243113.03, 219052650324521.7
51273860335934.03, -135275133182367.19
198729927302603.44, 95525667287202.34
285909920097605.3, 231981308183727
267815634582530.22, 203659817812305.12
258498549131135.62, 189076553627513.6
293705766475482.1, 244183502514316.8
139757445012408.75, 3220912398201.9688
-962323423204500.1, -1721775229158698.8
276824413103389.16, 217760514627562.6
149893649770816.4, 19086276367883.53
289559343039040.06, 237693448439885.75
283132412220851.3, 227633904550546.84
256022768942838.66, 185201419419744.4
213909872514758.62, 119285581532314.8
263052931109645.88, 196205151506920.94
284944790886460.8, 230470671157587.78
87499387018242.12, -78574308810058.88
286477858847437.7, 232870255792160.28
160770702807425.72, 36111228946924.19
174429959525208.97, 57490935113889.25
280163426899540.44, 222986797091103.72
124678559641557.84, -20380821225738.594
263205570221697.62, 196444064899697.6
260292469334772.1, 191884428728857.62
286117527198014.7, 232306258427846.03
292415376846388.6, 242163762225300.9
284155500483053.6, 229235260091385.25
280165723457380.2, 222990391703374.62
284298764672880.75, 229459499692853.78
276282197446730.56, 216911829251923.06
250562760697915.97, 176655319558126.3
264922964580193.03, 199132160417342.56
126726068705581.39, -17176024429875.656
248053634576536.6, 172727991715967.28
296430501071207.56, 248448304490234.88
271636641004366.3, 209640523516048.56
-123443742195617.16, -408746163231751.6
265585184599770.7, 200168678708855.44
241686955730592.38, 162762755261445.88
284506757427272.5, 229785053569293.03
271350897251489.22, 209193272424588.78
170646536488154.84, 51569055577630.59
277058910571659.22, 218127554143115.75
291444876673053.25, 240644718475732.47
285005506603281.2, 230565704453480.56
270406527894230.9, 207715129082793.16
245420557775691.6, 168606654114644.7
263899751685179.66, 197530609799060.75
293164861652219.4, 243336868877905.53
284342260567091.9, 229527580222923.38
282608931302330.3, 226814543112861.78
-43753457751530.65, -284013544101877.06
274324168381561.22, 213847088106440.6
244720717677084.7, 167511252221173
274011400296462.84, 213357538060199.7
271900705732790.12, 210053842221407.6
248345953381021.8, 173185534192552.84
266161466638838.5, 201070685378700.7
269242641937902.38, 205893394542452.84
284270923984586.4, 229415922963349.53
297379418300086.44, 249933566239784.44
254022256809429.06, 182070183037016.38
265491561503245.1, 200022138209945.8
234362905523757.12, 151299024502921.16
286349358840479.44, 232669125346486.5
263105331584460.25, 196287169641413
285988933133590.1, 232104980761790.2
293395731512021, 243698230397595.03
280518600655051.12, 223542721230163.94
250596200524895.6, 176707660156877
272387885409781.97, 210816384324525.25
276822384321028.94, 217757339142129.22
284345316922362.8, 229532364083347.44
284474697548967.9, 229734872890207.53
281073370741290.75, 224411057017321.62
287400094012150.56, 234313754310841.3
292454579152928.6, 242225122357276.53
288579298212065.25, 236159465232446.9
285883753400489.8, 231940351614328.84
267746091429233.72, 203550967659319.3
243405863963856.7, 165453220322207.44
234068523964076.7, 150838253366030.06
274838800919531.34, 214652599905002.53
103238139714509.5, -53939739372422.94
276342592031461.75, 217006359906284.9
235721354365783.78, 153425292255658.5
238970994708253.84, 158511685835176.88
261335936136420.62, 193517681114046.62
272416283862158.34, 210860834076070.88
284804507378298.2, 230251096970898.47
253380712949350.6, 181066027429937.03
-120986873836842.94, -404900630148452.9
288521901571903.6, 236069627013063.5
244552513334407.75, 167247975858722.12
244521530969729.2, 167199481722703.5
281410526369184.38, 224938778869676.84
274575876705994.7, 214241066353379.94
268841556503001.25, 205265608644346.75
265090061448140.22, 199393703341086
280956823169001.84, 224228634730260.72
217525296545082.66, 124944506101517.62
285262451108723.94, 230967878461999.62
276247692721581.53, 216857821856037.62
255663874562996.78, 184639671694774.53
235628054709950, 153279258011744.78
295462402983723.2, 246933020527215.84
132057969241239.08, -8830440982759.312
273689377971672.34, 212853503117049.3
255955434474711.12, 185096026339196.97
263368467507141.4, 196699034563870.44
278404995047336.7, 220234468974610.9
293244013524537.8, 243460758765012.66
295036313354416.75, 246266097629171
295227475711437.9, 246565308274943.2
296438205701245.6, 248460363911164.03
274700293356662.47, 214435805458773
270789145084275.4, 208314008162862.8
290508123593771.06, 239178496264682.1
277904938271922.7, 219451771413093.34
277136776355776.84, 218249431022604.2
199947696677929.78, 97431741092060.97
284726447635426.75, 230128916503795.34
281443261254637.97, 224990016081691.16
258389567002939.84, 188905972905120.2
238602356205748.22, 157934686439950.7
281500057228856.44, 225078914128294
278652181117612.84, 220621368910695.3
273050104112869.94, 211852900555445.56
285583499962226.1, 231470389710959.6
268084431837051.34, 204080543949816.44
295824836713955.3, 247500308104970.5
285372731663110.8, 231140491503648.66
284469190128675.06, 229726252580184
279458557175563.8, 221883522740531.62
229788128995107.7, 144138504718948.12
284761645578477.06, 230184008936395.84
192448684239690, 85694156406120.44
268417185465757.16, 204601375716486.44
239843277645260.75, 159876998258318.12
277853146096233.6, 219370705398971.28
288744360765326.1, 236417824011463.94
284401666734857.7, 229620563789861.16
292144472934794.2, 241739738711500.9
277693404813435.5, 219120675565026.44
271592459808212, 209571370339459.22
248342351590091.3, 114711560039071.62
257561048451919.62, 119739940145523.44
35607902551454.445, -1325412163821.2188
264659450121599.88, 123611795601712.66
282271281069371.5, 133218248845951.72
292350055584818.1, 138715762218013.53
253346338334147.94, 117441007354011.6
297720507372983.6, 141645099557012.88
70675666032476.56, 17802458825827.234
166141179329041.47, 69874556987589.89
-731406698594007.2, -419697012788618.5
86651714558304.81, 26516667112642.64
280804116907956.22, 132417977485179.75
168728546890255.94, 71285848384615.97
309338235731709.25, 147982042298135.97
259375965649778.5, 120729894980719.19
294431802284306.5, 139851260417734.45
309806066067642.2, 148237222481372.1
257414524078145.53, 119660017759828.47
262915821301705.38, 122660725336315.66
286272933234089.4, 135400968208525.11
182083875739143.12, 78570573211281.7
286636573538476.75, 135599317465463.69
169849713982858.62, 71897394071490.16
277795447411517.25, 130776885032576.69
310937469578514.3, 148854351669120.53
246635926606741.6, 113780782775426.31
277555493801075.34, 130646001245062.9
246482121692297.66, 113696889185729.62
-55349969010528.414, -50938796652175.5
226358177314129.3, 102720192252183.25
159501783789734.12, 66253068511604.06
-228168836191641.88, -145203633296419.2
288784052511633.1, 136770669632639.89
250710084594991.94, 116003050769017.42
103378569182303.39, 35640405998460.016
255444926329351.94, 118585691715031.97
300496837379190, 143159461378580
273304186289790.7, 128327106238907.66
177107969661548, 75856442623502.55
280760245773973.22, 132394047775734.48
268950190727308.97, 125952199568463.08
309670747009133.94, 148163412085822.16
259336039237983.28, 120708116937921.78
233795233802362, 106776768518492
291907875515346.25, 138474573089210.69
99433846405718.03, 33488739029413.484
-106712155938929.5, -78954534976757.9
275608665231468.06, 129584094752549.84
291538791102443.56, 138273254318536.48
291475564568426, 138238767118163.28
291577073767070, 138294135771969.1
289241578395598.5, 137020229205711.9
244025468417891.34, 112356896490598.9
252821652256435.25, 117154814947986.5
227931380513615.62, 103578303088266.7
-222534489858609.62, -142130353478401.62
308046796889507.1, 147277621111480.25
226665323678499.84, 102887726632749
-540360821851666.75, -315490170929160
302887882163354.1, 144463667624487.72
292019710446810.94, 138535573960918.69
254290126015134, 117955800634549.45
265580066589418.8, 124113950038704.81
237229119101610.97, 108649796863536.89
286715193056646.7, 135642200839010.92
310513073764341.1, 148622863043207.88
288982274357262.1, 136878790639346.61
276400344136972.72, 130015919610097.84
302957035846157.6, 144501387815107.78
291633735871294.7, 138325042374273.47
225806561565046, 102419310934501.45
253029581139816.4, 117268230702558.03
297635715890406.56, 141598849657425.4
148090178817310.03, 60028556708463.66
299936569113285.25, 142853860506268.3
-383873809886823, -230133618948336.2
291713967600234.1, 138368805135513.16
304201339319885.6, 145180098800777.62
306504302832372.25, 146436260716679.4
246060291799784.66, 113466800153449.81
233746643894504.7, 106750264932388
271998647048937.53, 127614993925715.02
259943296236877.2, 121039348028227.56
248916378467243.88, 115024665608427.56
125118187472442.64, 47498379611263.25
298343706051378.5, 141985026108864.62
285915773565465.3, 135206153843821.08
41208768232594.51, 1729605480437
273306587556421.78, 128328416020706.42
-20000396642872412, -10930055164213202
308530761797035, 147541601970131.8
220221464790663.56, 99372894512111.03
299233326894191.2, 142470273841307.9
295324999223742.5, 140338458748335.9
276892838851543.3, 130284553090772.72
309096293069031, 147850073573038.72
264812527859695.84, 123695292549765
291739535171796.3, 138382751083637.98
261240905774597.97, 121747135048802.53
229053661641032.47, 104190456430494.06
270991847934980.34, 127065830772647.47
161898028679281.78, 67560111178630.06
258177734416885.94, 120076314308232.33
-86017311154966.03, -67666437821868.72
294632446330683.6, 139960702624849.25
291746520479019, 138386561251214
-785974433344955.1, -449461231743681
308868750946546.5, 147725959688047.2
283997230803318, 134159675973558.9
-100921931906079.84, -75796230958839.9
-1004542337289801.6, -568680088440869.9
282242209427932.3, 133202391586984.9
-548775164940713.1, -320079812614094.44
272160157681417.5, 127703090634340.45
231456793760948.22, 105501255768629.94
283428073376116.4, 133849226467812.56
291083956468656.75, 138025162700107.31
292572873796164.8, 138837299424202.62
307709439190069.56, 147093607820877.94
-2758037763540463.5, -1525132139123049
266823620115116.12, 124792251961812.44
-2311664578213092.5, -1281655856217210.5
310076675723865.4, 148384827748402.94
286011154957912.4, 135258180057883.11
-303993582235954.2, -186562585684225.94
286650192614180.9, 135606746052211.39
269968548535713.47, 126507667463956.44
268417973100272.25, 218435604508339.94
280646624672485.8, 281616970964776.7
268183965825811.84, 217226566923627.88
66526713004175.11, -824669239321495.1
278263834988321.5, 269305890929927.75
245586203007611.9, 100471459029594.84
249485603406683.9, 120618361091466.84
266322914577328.8, 207611135473132.2
255993014441689.44, 154239984772328.75
275083452670877.25, 252873915623132.47
275975391709679.1, 257482267323608.66
278436025363604.94, 270195541202225.5
275166896322295.5, 253305041155460.1
280286096826554.94, 279754243760800.5
182892959099674.03, -223443634494750.8
262162185530727.44, 186114035399025.06
253919097454845, 143524747006965.84
263841277763942.03, 194789345270633.8
276288856893733.62, 259101837441223.72
246933415711264.7, 107432057998467.53
246212559572647.53, 103707634615612.25
277156266968462.5, 263583456160656.25
264191630879219.94, 196599503032903
278352380770203.97, 269763377469653.84
262944027197882.66, 190153550679327.06
276992823044096.8, 262738995884766.88
275857918337125.5, 256875321565415.1
282590359835333, 291659602639487.2
271387797410568.16, 233779696778202.16
268776473751874.06, 220287857874949.3
250399580883034.56, 125340578052611.9
275723780294666.72, 256182275012711.38
275704063489522.06, 256080404852797.3
245644410063571.72, 100772195485387.22
270517969656122.3, 229285586713565.28
264455752053722.5, 197964129101166.25
257890536995314.22, 164043851299390.12
282182000794616.56, 289549747595785.56
266846427884480.9, 210315954226751.38
256675575214795.78, 157766548766711.53
272925739424403.34, 241725730516350.6
270827008056105.4, 230882285113477.94
280290535573292.06, 279777177285609
281497334978596.56, 286012307546348.9
276432015738732.25, 259841491473716.62
275805625512279.78, 256605141970378.88
270818380466936.12, 230837709236103.3
257999032636736.12, 164604412113403.3
263690681747862.56, 194011265854223.25
276656882441296.22, 261003302770297.12
271665096218361.44, 235212407285134.1
255333442177398.1, 150832194740156.8
278181135022368.2, 268878607772502.3
284036006162253.56, 299128775328576.75
278410314997194.4, 270062704309104.44
273828117622891, 246388017875203.5
259427994131784.66, 171987379837820.75
283110855430042, 294348829878817
267174818027075.4, 212012636630156.25
268910866465975.88, 220982220231142
284260593564024.4, 300289143571059.25
259164949688992.78, 170628316883396.06
219080506465894.16, -36474639769280.19
277192689330313.16, 263771638363551.3
265414242403277.88, 202916329240535.7
280409897788750.28, 280393882065476.44
277117169776154.88, 263381454000400.2
266266904223561.88, 207321748645336.38
281285157317800.38, 284916056298901.94
249879037582096.25, 122651104331097.28
246770678944307.06, 106591251369186.5
275900114336281.22, 257093334227719.62
271634772361924.53, 235055734026876.75
283087544134895.4, 294228388187226.1
264977415399156, 200659389719239.3
137422526218435.34, -458374204381150.6
278881551968772.38, 272497428662257.28
264154481365479.88, 196407563878579.38
280577939719294.03, 281262098706619.16
274741806895658.53, 251108745784502.4
276083804236402.4, 258042398711679.1
283695493618759.9, 297369460520526
269797061263358.66, 225560893350953.06
260045033574711.5, 175175416959609.44
269208761043900.9, 222521342217088
246245464375940.97, 103877642765961.66
231979225234919, 30168740537348.156
269786608805495.28, 225506888985325.62
277521256852700.9, 265469237229221.34
251565524758955.7, 131364621411537.72
258986899368466.97, 169708390227346
282174086417061.94, 289508856645086.7
275724686490902.75, 256186957026597.53
281693566581190.7, 287026170826418.56
275149676839316.1, 253216073826733.16
281089653242809.72, 283905951911450.2
270550543547366.5, 229453885151660.25
265768993313193.75, 204749208941767.7
282638892371410.44, 291910354075887.25
256714404418026.5, 157967166316736.9
75701489864452.28, -777266225543396.5
244272429454265.66, 93683629003972.53
270423994421454.28, 228800048001113.8
283228743733945, 294957919448982.5
271243249391477.75, 233032865346235.03
258573360390764.84, 167571772175885
259302699310853, 171340023263007.2
270841428514213.16, 230956790813701.3
189408090932503.38, -189782120025132.56
277643865308128.72, 266102714248931.72
263190400057063.47, 191426477118427.94
242472697596526.53, 84385014405653.75
248752857509817.62, 116832507290991.06
261006173340100.94, 180141305747454.8
190662130304323.6, -183302916604061.44
249191942523060.12, 119101113192743.97
281212116823720.8, 284538680412824.2
241328768956838.94, 78474716433934.5
271534454663699.78, 234537425919382.22
233117072385326.84, 36047617481122.03
260484158431760.2, 177444228721027.62
261115185748550.66, 180704536524445.06
230044701364769.5, 20173700541575.75
268278753619427.9, 217716303857310.88
257737034897241.38, 163250757126013.75
270117702247777.78, 227217538437118.56
266825548824296, 210208079082462.7
280490164897477.75, 280808595460568.38
186499427625838.84, -204810213776232.7
264187280846557.9, 196577027864149.2
273471556717057.28, 244545786528395.97
253151827477722.16, 139560518791831.16
273483368839291.44, 244606815826605.75
272139957540102.6, 237665857447463.4
235553930716050, 48638052189858.34
261226750455111.12, 181280954175007.5
190298388686731.22, -185182248294955.3
278737117827308.16, 271751185598025.47
280264914740278.84, 279644802981707.38
275536686319482.5, 255215622807592.9
262968410338350, 190279530238408.3
263991908577385.8, 195567604473426.7
228664219200693.12, 13041209360514.5
273318961114377.16, 243757375914548.66
276324942021473.44, 259288277267879.44
274422649115379.22, 249459763919725.97
280768519085970.28, 282246758767779.8
278216865016539.84, 269063212742389.2
281919787909845.6, 288194981024469.06
269579038989711, 224434444937106.8
266541173262219.72, 208738805345068.56
278155998418691.88, 268748735320174.7
275400599846769.22, 254512509365240.97
283717620524866, 297483782868741
266830449450648.06, 210233398985281.66
254347641699546.4, 145738892271256.44
245032460917142.94, 97610458228838.5
272607879562586.22, 240083454563628.78
281900074982785.3, 288093130901324.1
269155246954466, 222244852755007.7
255002559967821.5, 149122636657344.4
277223042605857.75, 263928463620531.72
274061300179900.72, 247592794419753.72
267945858709730.88, 215996346823876.2
272178243079983.75, 237863666070182.72
265335550545139.16, 202509754640152.3
280651251310710.56, 281640875262271.25
276334484529912.25, 259337580228146.62
279721839731988.94, 276838915438876.2
275882415427570.25, 257001889866046.28
276543667790675.4, 260418360408756.25
258948042436680.66, 169507629413116.75
272955881285478.38, 241881463465238.28
248671863417183.12, 116414037812379.47
265536499425634.25, 203547990522710.3
281116141138065.22, 284042806036936.94
255511601079941.66, 151752682403298.56
274613066367568.03, 250443586389368.16
283187764888973.06, 294746195416627.5
281410202287168.75, 285562121973971.9
275862461821615.9, 256898796235282.2
268274723259275.62, 217695480329857.38
267692923011828.28, 214689512384712.8
294905901317475.5, 198060275110491.3
248556181754223.62, 233713905543762
155526776266950.97, 305274986687817.9
276298866526490.1, 212373378795864.7
247251132727237.84, 234717789410674.12
284942559733718.06, 205724384021073.94
259700342033518.53, 225141474559688.97
261019450316677.5, 224126775880335.94
144315781434008.3, 313898828867004.5
232835969988342.88, 245806376132901.03
235093476078622.72, 244069832986531.9
237492643263427.78, 242224319767451.1
222839359976107.1, 253496076142313.16
277104526408155.47, 211753640425352.88
231946695996277.1, 246490433049874.7
298990005893845.06, 194918656205591.66
279238656136844.28, 210112002172515.3
302618167733019.56, 192127762483149.72
-83476345930544.81, 489123542224353.06
237380654141280.66, 242310465246025.8
294694004350160.94, 198223272777656.34
281277071125797.2, 208543990642551.56
240629605591990.66, 239811271822402.72
281230617483036.6, 208579724213905.84
248922614678334.5, 233432034063676.7
291258248419045.8, 200866161955437.22
237677679949171.7, 242081983855340.4
283998226830689.7, 206450793946480.4
256339090139565.78, 227727052939652.62
302298860237217.5, 192373383633766.7
228734437429310.06, 248961401178310.88
266662233186285.28, 219786173672945.3
278247749302713.78, 210874238198769.56
247112415045521.06, 234824495319687.03
276349763527845.9, 212334227256360.22
253990081456826.7, 229533982695605.78
187823054131288.47, 280431696022942.88
264639694983202.84, 221341972290701.06
271649902424516.75, 215949505028151.88
188308465440369.2, 280058302708265.38
230689301662502.94, 247457659460470.2
195622065997326.4, 274432456125990.62
272841716354359.38, 215032725082119.1
216905525091738.5, 258060564514904.38
245356327416380.25, 236175331957487.66
267904722183571.9, 218830412905801.75
271178952769140.47, 216311773993825.94
224107765165827.2, 252520379842528.47
278611503234702.66, 210594427481855.03
276324091412727.16, 212353975037220.8
117770436048522.22, 334318325317378.44
234384861797537.7, 244614920895058.88
300837254806096.8, 193497695503859.53
283963843394212.56, 206477242743770.5
270568019384508.5, 216781722751235.16
265284808402025.47, 220845731199299.03
211582262021301.5, 262155382261394.38
282927444657811.4, 207274472541002.2
284818938208756.44, 205819477501813.66
204882292002522.6, 267309205352762.75
243009421275339.16, 237980644373673.12
274323469804897.97, 213892914735550.94
309134269331901.1, 187115376637856.22
274814162833928.88, 213515458559373.3
269924665366298.12, 217276610457550.8
311101321208550.7, 185602259809664.25
107383133864944.39, 342308557766284.5
254930846408189.7, 228810317348403.47
238835357481481.56, 241191462676640.5
202278298352873.88, 269312277390954.12
230283122555996, 247770104927014
310413397570942.25, 186131431838593.8
285571495855813.1, 205240587004077.75
293412141325109.44, 199209321258465.2
297862707150502.06, 195785809085086.25
266580129739312.88, 219849330170616.4
229739488249461.06, 248188285162810.1
221543677569358.03, 254492754916735.5
247585867172175.5, 234460301376106.7
285097738562842.25, 205605015690978.44
172303031742523.25, 292370174783531.5
292490082912917.25, 199918596960151.5
292783534400606.3, 199692865046544.53
255707233989665.56, 228213096131883.56
270820398897802.6, 216587584664085.84
298489085441413.6, 195303979630538.9
159630924474053.16, 302117949605431.56
301818641270129.6, 192742782839218.9
292648964910632.3, 199796380038832.22
294240638377509.25, 198572015833542.28
294067409013078.25, 198705269190796.88
160161050676188, 301710160219174
294397553010886.7, 198451312269405.78
285667318702774.1, 205166877121800.06
280324159959827.22, 209276999231759.22
281283974726904.44, 208538680180161.34
209274260404186.97, 263930768120713.25
294507578699630.5, 198366677124218.22
256959373782049.72, 227249911676203.44
213236080129887.2, 260883214485559.25
248250170595786.16, 233949298742560.03
285667112207480.06, 205167035964333.94
275313521384258.66, 213131336597581.2
223906081071751.53, 252675521453355.9
278308620116629.7, 210827414495757.3
300666222912550.56, 193629258498895.1
297945737049908.25, 195721939931696.88
271204515513454.2, 216292110344353.88
307341393761875.7, 188494511691721.94
176617175556861.25, 289051602618656.1
306562054451916, 189094003468614
273716037373283.62, 214360170452177.38
303422101708246, 191509351732975.53
280073762910912.06, 209469612346309.34
-350958909829818.8, 694879360608410
244313902449081.5, 236977197316948.25
256525273372450.12, 227583835068203.12
232950014386082.5, 245718649673101.3
250009510485270.22, 232595960366033.84
312270981937867.5, 184702520787112.84
293902609955787.44, 198832037696405.2
225554747235864.9, 251407316711730.25
288497292771489.2, 202989973992019.25
268905173635277.6, 218060834866028.16
35331930079829.43, 397732560677911.4
-428199202015879.5, 754294969982302.9
283385360150412.4, 206922229854386.03
274829117400281.84, 213503955046794.12
261207046947922.7, 223982470779378.1
295129305798366.9, 197888425509805.62
270644330271234, 216723022069138.62
288894027999543.4, 202684793047362.2
292133185356834.56, 200193133541753.56
277282311836850.97, 211616882403279.4
-425603938583112.3, 752298613495558.9
289511560588017.75, 202209767979304.97
246601887415668.75, 235217208881111.88
293821172668518.4, 198894681763535.25
231828270303499.25, 246581529736626.88
273915613894432.44, 214206650051293.66
199041014923914.22, 271802495413230.75
244091950713880.78, 237147929420948.78
284414232160859.25, 206130789846349.97
238864645815985.7, 241168933188560.4
280863956793614.3, 208861770898076.84
216400393193976.44, 258449127513182.88
169152589913817.72, 294793591574843.44
275404138908706.38, 213061630809544.47
283187884469467.44, 207074134224343.66
278533309327029.03, 210654576641603.97
272921804006802.66, 214971119195624.25
192868156293290.16, 276550848206018.5
304744994702208.06, 190491741737620.1
272177907724629.6, 215543347104988.16
255548950621994.66, 228334852568553.5
228596638323773.62, 249067400490261.97
279969928158376.88, 209549485232874.88
223195659034488.2, 253221999943558.47
268023230306066.03, 218739252811575.5
283509468482628.9, 206826761906527.2
280622155014472, 209047772266647.84
202059114597120.28, 269480880279995.3
195818374632333.16, 274281449483677.75
278983271175175.1, 210308452143030.1
244931978125599.16, 236501754488857.72
225811333256847.06, 251209942849436.25
221727533473789.75, 254351327297941.88
281413215299931.78, 208439264354755.72
181821850812692, 285048006268017.06
294288626442032.2, 198535101937755.4
280417588299815.66, 209205131277921.97
293240064157648.25, 199341688310358.44
280607515251118.38, 209059033623073.72
158631728606853.75, 302886561810969.6
193526866909669.6, 276044147731880.47
277200167639939.06, 211680070247057.8
281644109126366.3, 208261653719036.84
301691344783580.25, 192840703213487.66
178267094611574.9, 287782434115030.25
304686650548406.5, 190536621855929
220011563798757.5, 255671303971043.62
269198431414853.53, 217835251958662.06
259770841809479.03, 225087243962796.28
295559338795106.44, 194231253629420.2
269119609258681.4, 349163126707350
285066475258762.4, 255717472669492.4
266336923612612.06, 365469144465158.25
282030630774532.6, 273506953899511.6
286479381151942.3, 247438108230017.44
269747680554904.25, 345482746307988.1
286457555778371.2, 247566000839635.16
259077636571711.75, 408007209648751.6
271464940562363.4, 335419923647456.5
276323235609838.78, 306951222761783
285043510172978.9, 255852043779644.3
271401059556155.88, 335794254403457.6
282161410936754.25, 272740606593783
271582022282356.75, 334733846652729.1
272162188181717.28, 331334182924700.56
271289864373568.44, 336445837389273.75
269079130697759.22, 349400323508267.9
283288405262722.2, 266136630496755.94
286937192837448, 244755417325231.78
255893216414547.1, 426667316551015.6
296084061539322.8, 191156476427329.84
273735400465477.1, 322115453000238.9
299500040390756.3, 171139478858649.4
265772611169519.56, 368775909902719
295116664188345.25, 196825244082123.6
267775135059042.6, 357041494213644.75
287861217612859.6, 239340804856230.94
272705388226748.22, 328151132193538
272118908724470.47, 331587792454548.75
267172028494696.28, 360575585950515.25
278543198483854.6, 293942655266381.94
294344054167915.06, 201352594388756.56
282220271912979.6, 272395692275153.94
287072810968427.1, 243960720426877.47
282325525669671.7, 271778924934537.8
284706267852116.06, 257828220743952.56
256519139881696.03, 422999522028563.4
289936940012305.5, 227177459580973.34
290243392874325.25, 225381703090446.38
205930729024191.7, 719438153875808.5
287742475491467.6, 240036611492799
261861936097843.1, 391691734855440
283940438625646.5, 262315836865414.4
270522289563996.47, 340943682301438.4
274823486882522.94, 315739469976988.94
263774071822906.1, 380486976915117.5
260215681494531.5, 401338479119705.1
263297403838866.25, 383280162204771.6
286005539027209.3, 250214734512331.38
285811292815456.3, 251352981005500.8
277623560811669.7, 299331560130493.5
269581565529926.4, 346456149304820.94
269404819310707.1, 347491849112769.6
260544381884398.97, 399412356274406.94
276491691971317.9, 305964099970685.7
283710239486587.06, 263664760792426.25
267687914198604.7, 357552592152846.3
258291575383886.12, 412613381282085
274978947991937.9, 314828496933968.5
258305305786940.06, 412532923686619.4
277789589461331.53, 298358663276867.5
290556401230536.8, 223547532629281.44
267780434214578.28, 357010442152702
265818933024607.22, 368504472490196
261577081691769.44, 393360928431217.4
289069887724078.75, 232258223924133.8
264864028741428.38, 374100033102842.1
259716642710780.72, 404262753114207.4
281041788697567.06, 279301383640235
276070882177913.94, 308429966703996.8
278342180296718.7, 295120584269505.4
272187507166902.62, 331185818404035.06
283220099046250.6, 266536892157762.2
286576315345013.7, 246870091977159.94
267885617577414.8, 356394087306921.56
264111944267490.16, 378507107543582.9
284486173553806.4, 259117932192926.16
296410852945641.8, 189241539868806.34
285885589323397.25, 250917617356164.7
272566223508558.34, 328966611430033.75
263966870221849.03, 379357214334395.9
271929484683095.47, 332697781930643.4
285841880384559.8, 251173743567856.94
289966267863129.3, 227005603856987.06
290640949435713.7, 223052095950347.8
270712927391566.88, 339826580265114.6
261618827499288.16, 393116305802112.4
275123141538900.7, 313983549700831.44
282054771610224.5, 273365493114662.94
272569599131498.38, 328946830910562.75
297383979286095.06, 183539201406524.22
275489398719814.2, 311837351079964.5
291701485173595.3, 216837554757340.5
272266439526586.44, 330723289530000
284248931485891.4, 260508126366596.3
280793604653966.9, 280755695746191.06
274852668777077.75, 315568469529457.44
283401126318188.75, 265476106181078.03
295739618957867.06, 193174845572869.62
281838310502665.5, 274633914744938.56
294410260942031.1, 200964635067534.4
295883650746895.44, 192330846210993.06
285370392428161.8, 253936574863759.25
282839844726878.06, 268765111393711.7
279084057224503.47, 290773324141271.25
257633845911469.88, 416467553050355.9
267413600280203.03, 359160020441050.4
290707885583721.5, 222659862634451.53
265278280855512.6, 371672593144610.25
294591880204198.4, 199900380138759.94
280715499088009.12, 281213379763532.5
290354969520885.9, 224727884797049.1
286083691061458.2, 249756778199489.8
278404431582578.22, 294755803370122.94
290890396427795.75, 221590383202352.9
299914627234494.44, 168710077447212
264005302531631.9, 379132008182677.5
296092115432995.7, 191109282115807.47
274124202226672.4, 319837147352860.75
262692508471597.88, 386824735992409.6
295402766889234.2, 195148735732054.78
293976307449263.3, 203507521422351.38
294952348514239.56, 197788103219172.8
268054214149980.62, 355406142905064
294640794690223.6, 199613750393546.56
279249941874400.25, 289801271099352.7
272647800705634.66, 328488584303240.8
295332495449130, 195560513236216.7
282476737366096.6, 270892852657356.2
283172590009414.75, 266815286233426.62
288167323797056.7, 237547079832945.34
258327918765103.28, 412400415861307.9
275964321623915.2, 309054391632568.9
286750771598735.9, 245847810938993.5
272053951946438.97, 331968427032359.5
290571737140990.2, 223457667060550
289036875612119.25, 232451668729728.28
296993894297418.7, 185825026527085.78
273027666101385.94, 326262644087016
279155755285067.1, 290353186907875
268514607466557, 352708324124752
291165866385580.56, 219976180739445.62
266929432619357.4, 361997152434977.6
278092563337678.62, 296583292992104.6
296140212463581.2, 190827442506675.62
295561652444948.2, 194217696073805.44
267710247201892.84, 357421724927970.9
260866806476018.44, 397523008433795.6
275014943824348.38, 314617568084236.1
272353737807944.12, 330211737918679.75
258714321155596.6, 410136170077762.9
298216320702835.06, 178661836282262.72
286329136447663.5, 248318514113969
297929688821615.06, 180341445530159.38
287438109933964.94, 241820136769006.38
268888065497057.84, 350519929871256.3
275661360981629.53, 310829684368205.4
265985426157389.38, 367528853852304.25
268997761159734.38, 349877133791834
257177653972735.56, 419140752541817.75
280704203490143.12, 281279569855700.53
275797241995563.66, 310033447024871.8
273920339177450.66, 321031746716057.4
288421009850882.4, 236060526975480.8
294688376745753.56, 199334928441983.28
268474519137603.78, 352943234239272.25
293385681341269.9, 206968480017789.56
296787949938520.9, 187031821975954.28
289554581469199.94, 229418009174685.38
267689907719751.56, 357540910491546.4
272627481489392.84, 328607651112433.5
291140221730359.56, 220126453625647.2
280759748727572.6, 280954085146651.2
277949197544222.66, 297423389744412.06
295010431259456, 197447749188792.38
284398015714615, 259634520652486.8
298623377769359.94, 176276557957859.97
293763098000021.3, 204756888942676
290281936904648.25, 225155842277245.25
264566779484854.03, 375841858185759.06
292665757673508.25, 211187098145701.16
257686641190011.38, 416158182586379.1
265053538827359.2, 372989539421733.5
283548684800179.8, 264611441057635.06
294434297887243.6, 200823783061476.1
269964731255378, 344210869773436.4
282939622071139.2, 268180434806312.38
280971539833544.03, 279713028852781.2
284293469079402.75, 260247144393403.47
292507755814961.1, 212112959503729.62
286001985163406.56, 250235559489941.88
286452437343274.1, 247595993912587.12
280553580445207.25, 282162192745184.6
284121719133236.25, 261253566975145.5
265575894305258.1, 369928633957783.9
277424546439059.25, 300497747155042.5
277062201271029.4, 302621022111628.6
293544388831821.56, 206038483788108.2
286079783994630.75, 249779672880805.75
268294474752768.56, 353998260681250.5
277683585868148.06, 298979824519166.94
289782116627288.25, 228084695678223.94
271981107122397.38, 332395284085388.25
297322335811920.2, 183900420643044.28
285412467889901.56, 253690020522536.62
273595639028888.72, 322934428895013.75
272821827208680.5, 327468821523710.5
269443904538148.6, 347262816985612.4
290200633738620.44, 225632263633314.78
279803406772576.75, 286558070247421.25
284623151572124.5, 258315266608949.88
271738680004573.8, 333815861682354.4
283302314334955.25, 266055125933296.78
-4507221990385080, 28337632126489016
264827315335242.84, 374315166800770.4
295688211439878, 193476084019403.66
289525140012093.44, 229590530610253.38
291586663140544.6, 217510390408955.28
280637118852461.12, 281672673293332.44
278376669749179.56, 294918482524711.3
284231882339096.4, 260608031180058.6
281354014382409.7, 277471799486998.3
287337890651033.8, 242407403034406.5
270547495888267.84, 340795977952670.6
295459661659929.5, 194815343010316.8
270396925664066.8, 341678291322521.5
294500140935309.25, 200437955106923.3
275017502757982.75, 314602573211444
290372608692549.75, 224624522548140.22
292299313471727.44, 213334392673893.38
260227414501973.6, 401269725889179.9
280208825364307.78, 284182393079053.44
269536566778849.1, 346719833575152.5
282310417414788.94, 271867456484177.88
269082127413465.06, 349382763314365.44
288515149850212.44, 235508884175668.2
292437095611461.7, 212527015088721.66
278459624905222.56, 294432380815936
276673022839462.44, 304901534976978.94
284831239163083.2, 257095912220808.75
272370588846539.06, 330112993982240.25
290969049612990.25, 221129490238643.06
299103500294909.25, 173463129700669.12
160895183540322.7, 307349144043438.75
275959405390903.53, 210695197688950.88
247298367357296.56, 234770469637180.72
311695152649280.8, 180677169991913.97
333655525042894.25, 162230457181278.7
284850537823055.4, 203226646445943.3
260136776996379.53, 223986205540351.03
260959627667971.62, 223295010976213.7
164075637538664.5, 304677562684831.6
233331289377681.06, 246502815140057.75
235376499236376.97, 244784838858753.2
238006675823012.53, 242575490525979.3
223565407726798.6, 254706155726799
277202580223502.94, 209650930829567.38
232272173991290.4, 247392472064625.9
299955763163801.8, 190538257159716.3
278832031584380.88, 208282191686429.9
298748314507805.7, 191552514030753.06
-20389809450582.97, 459628538155799.56
313181771024683.3, 179428410556575.88
236553299505546.1, 243796326632651.12
296017158863510.75, 193846684771960.8
280857376333361.22, 206580902097286.44
327122214789884.94, 167718437793806.5
240785683039334.8, 240241124464268.6
281413267141989.72, 206113953818038.47
248913619374411.06, 233413657942804.56
288229093475062.25, 200388659698257.56
238183983847015.06, 242426551785817.2
283805879724328.5, 204104159248873.9
256121831845182.78, 227358759467356.3
303204902959408.9, 187808979731406.38
231632315801310.47, 247929952944209.06
265472810143573, 219503937696708.5
277710541641275.7, 209224243238638.25
247176818209728.66, 234872570921137.75
276379160186079.94, 210342603661002.7
253966443677460.53, 229169285528243
189774317510448.1, 283090671508533.44
264120281307901.62, 220640061918672.5
271160583607919.1, 214726207986657.8
192346850597076.7, 280929743715765.4
231062789282366.22, 248408355220122.22
197668899502059.8, 276459222635579.6
-4266024916555164, 4025962028123647.5
323305397732065.75, 170924564122374.62
272518328653294.84, 213585702148542.2
217705720036634.3, 259628293386537
245421117132953.06, 236347359825629.25
267750618494707.44, 217590578681755.6
271218425059638.4, 214677621167213.56
224483990873211.03, 253934545883812.56
277880936803305.8, 209081111302532.94
276098142082138.88, 210578658868313.2
127147391502988.02, 335697289354799.9
235272791659330.2, 244871953223472.5
298783514959481.8, 191522945651345.12
283859283703931, 204059299906007.8
270540682025607.56, 215246925315799.5
320592904447580.5, 173203058481342.22
265217822055004.16, 219718127691106.34
218264641044880.78, 259158799739610
282084448243230.6, 205550161692996.12
285115276243382.2, 203004266172868.8
205893208589494.22, 269550803002134.7
243234211524359.53, 238184360536847.84
274351628099437.1, 212045730613782.7
305387974226851.8, 185975199866754.3
273021726330507.12, 213162848099683.88
270461837136141.5, 215313155022951
348911404440010.56, 149415518487700.97
309740786964430.7, 182318837167188.06
133848585532420.05, 330068286370077
255207613349277.4, 228126703003916.8
239221200034070.1, 241555290188690.94
204495120497359.84, 270725196999527.56
231385256371273.72, 248137482865439.94
298253432068510.4, 191968215279761.12
285719090546904.4, 202497062157910.16
292190561828384.75, 197061026281466.66
296513246560716.5, 193429971106307.97
266248682950979.4, 218852204538487.12
230521421434158.03, 248863104212617.1
216757801543114.62, 260424544921093.56
247595499225470.62, 234520878867914.5
284431239112724.7, 203578857362621.1
175490606624072.94, 295088988653088.6
293182034334955.56, 196228189375947.2
289505270676870.3, 199316670848738.78
321102691450318.56, 172774837399042.25
254930765946328.22, 228359254822394.12
332168261765815.06, 163479758334025.2
271374840251936.7, 214546232405683
297124717416696.8, 192916335587284.53
165957234341317.2, 303097021370603.4
293712526670521.1, 195782575814072.1
291790746427380.06, 197396871218310.6
306606531718999, 184951611573350.7
292738926155115.94, 196600400247012.44
168614639095293.28, 300864801377263.5
295838150175892.56, 193997052069560.1
285800229968706.3, 202428905043596.53
280217306567208.22, 207118560700854.94
280825725853694.75, 206607488500206.25
211107255492669.4, 265171003603467.56
295095102640840.6, 194621211999003.72
256365969382773.3, 227153683935780.25
215178164187701.22, 261751440299640.8
248253402636236.12, 233968240002871.5
284923784482936.6, 203165119251643.06
276114350287508.75, 210565043975802.5
224422045911184.4, 253986579651914.94
279222943952542.53, 207953825297174.12
298138692296013.94, 192064596688658.12
295569548070869.4, 194222677837779.56
271245042699005.47, 214655262350145.25
306313565287036.25, 185197703376199.38
158918935752730.9, 309009192185015.9
327841883427194.75, 167113916138466.25
304597924791191.75, 186638841392708.78
273211963610880.84, 213003048784169.94
302070772607111.75, 188761649227335.97
279647518717104.8, 207597182494941.8
-201800707957346.84, 612013692901481.2
244407841501610.44, 237198511355957.06
256489198226806.97, 227050171706792
233362389080092.75, 246476691390031.94
323885824236126.44, 170437005858963.62
249898941371149.2, 232585987465544.5
310612053875214.2, 181586972962129.94
291734277630140.94, 197444305007991.44
226062526059045.47, 252608576327711.62
286788207974604.4, 201599003518642.16
267869143058046.28, 217491018048550.94
57954276193145.63, 393819506215067.5
-222287838311208.47, 629222882398725
282415984469644.56, 205271671262808.4
275727027584486.56, 210890395046341.12
261762572407250.6, 222620537395219.34
294404455806921, 195201355339496.2
270249592574348.8, 215491440454856.84
290417103338543.5, 198550731412933.3
291285957053487.1, 197820894292380.66
325371448671805.1, 169189081332993.53
277763412449298.16, 209179831759899.38
-263626245852489.53, 663947144733401
288725272012744.56, 199971869726604.4
246618537163706.84, 235341526999796.1
293017586569038.3, 196366325499317.66
232176453075776.78, 247472877633657.34
273652509839936.75, 212632989951762.97
202782559760870.84, 272163748018178.34
244315288339263.2, 237276256012328.75
282807242270558.5, 204943014710040.7
238161063419721.28, 242445804944743.94
312633392960672.94, 179889048130344.56
281468024531369.4, 206067957610959.53
219722154499573.8, 257934488437667.84
172622982084528.2, 297497793266306.1
325416557842619.44, 169151189629509.5
277112195192375.4, 209726854255714.5
279875912900026.22, 207405331381287.8
278694514361907.34, 208397706153307.7
271855936761180.56, 214142111337918.2
195417508588715.16, 278350391002789.1
302443814684751.44, 188448293882118.62
322439469020135.1, 171651944240396.34
271728812380156.75, 214248895817978.2
255467582959507.7, 227908328531323.38
229495107269302.56, 249725208111095.7
279773538876698.3, 207491325560883.25
223913483285400.62, 254413772257573.3
267673281849886.12, 217655541463405.5
283809543357027.44, 204101081797406.78
281072856953199.78, 206399898376622.03
318599840612680.56, 174877232102658.2
206097777715413.5, 269378964936362.5
277457652552698.25, 209436670073043.3
333762476946141.94, 162140617582550.62
245031133577770.1, 236674946011982.94
227419570222042.8, 251468659230793.88
223273967936353.62, 254950965150772.8
281059472857327.03, 206411141017155.12
185038276265496.7, 287068946154292.6
295673813975763.1, 194135094477668.8
280599721355749.2, 206797332278480.53
291390798669067.5, 197732827335293.12
333209797891054, 162604867988824.47
278726200191461, 208371090056482.6
167906447989766.34, 301459681905906.1
195727300990106.7, 278090165385620.22
277039512342073.03, 209787907849968.5
281156834385634.62, 206329357333376.75
304612508678936, 186626590927003.6
183755245588209.38, 288146691923214
305911736646683.94, 185535239434095.3
222355104589593.8, 255722810362051.06
267724797941704.88, 217612267946277.75
261450530413603.56, 222882652669882.84
250081946885063.72, 341807666244816
270037900594337.78, 349517921087035.5
159503240618135.44, 306811347914411.9
248796717370781.53, 341311100296116.06
256829937426193.6, 344414844408434.4
270668916357080.78, 349761722631731.7
268973122579827.78, 349106529581429.4
265308030884527.03, 347690471426426.8
239971283905024.94, 337901273729801
194036171995091.4, 320153616855508.5
268020614442309.06, 348738515073751.7
270769804308690.3, 349800702067580.8
254882652489152.34, 343662484319122.94
-394492575323736.2, 92767509936870.53
271029338063191.25, 349900976472728.9
114765910118191.03, 289526470221251.5
268788401472315.2, 349035160062617.7
274300602687812.7, 351164874168605.4
261554372962804.78, 346240194502125
226049240598422.7, 332522302452250.1
-33778725372533.74, 232134224690744.25
270917989343846.94, 349857955376618.56
272355095353028.12, 350413200880165.9
262414153984752.1, 346572382624241.06
262002190375091.34, 346413214865963
274079852259037.06, 351079584230214.75
196090375129948.53, 320947286248521.5
267980612532507.8, 348723059790419.4
244895117903568.94, 339803664138329.4
247607468532215.72, 340851617790306.5
258789752823822.12, 345172045812063.56
280217553420835.44, 353450968770000.5
260742711481007.28, 345926598020521.44
258249952239662.3, 344963486495456.4
-706145713870685.8, -27643929956269.062
272952333902848.7, 350643952138051.06
271959174527830.9, 350260231470430.56
2143108779942.8467, 246013115158746.56
272996610043376.62, 350661058828709.6
214130614675601.47, 327917378800251
133985398985431.62, 296952181829049
269706273479572.8, 349389792429058.1
236031443305104.47, 336379062588922.6
256857885778193.53, 344425642635343.44
272243027924328.62, 350369902100895.6
260649139756314.9, 345890445308708.5
-452069124723441, 70522024941530.06
237214933468722.22, 336836320152138.56
265543749256236.16, 347781544433678.06
172923135157759.44, 311996307168357.5
214715102906158.4, 328143203798420.75
-1398748027896490.8, -295240278557148.25
277651489167683.78, 352459534854010.1
174619855571943.84, 312651858237474.2
265608347481385.6, 347806502838849.44
213853567951252.8, 327810338020389.06
264818331809610.94, 347501269511118.3
226463538306536.78, 332682372021294.2
54231090626000.14, 266138017235632.3
238070469994066.88, 337166868355112.6
255165214485881.88, 343771655999677.56
139152965716761.42, 298948741702517.4
268727327781123.9, 349011563409202.9
149150067985657.16, 302811258488227.06
252389877080628.94, 342699366547648
248260797135711.2, 341104040205293.44
278501251946965.38, 352787852291459.8
275588801213652.66, 351662587235407.2
270754169415079.4, 349794661313231.1
-265851382261526.66, 142469789074542.47
121557117497644.19, 292150345799676.6
60265691246868.43, 268469567475513.25
267824275341060.53, 348662656784632.94
236764817137646.97, 336662411569677.7
260580178213697.53, 345863801076333.56
238105407924112.28, 337180367100812
267926141008176.03, 348702013974200.3
267138140420540.7, 348397559201704.8
160519702772554.38, 307204071928619.2
254030431163384.72, 343333216988712.75
252577954401184.4, 342772032785135.3
270423508522353.47, 349666905968314.3
264626571775302.75, 347427180406953.8
268582328041561.5, 348955540782553.75
277096069770126.62, 352244940995863
266438827837426.06, 348127370249137.8
250579354807487.75, 341999846578479.8
204685095995883.75, 324267973855814.6
251474969372169.22, 342345879478470.4
94752189795342.25, 281793896460150.9
261466489747222.2, 346206239623377.2
235358711442053.3, 336119143460016.5
272393279760564.53, 350427953946714
25532581921599.367, 255049957054386.56
251961854463900.53, 342533994173002.94
206227046845971.84, 324863727593348.7
229289135959226.16, 333774080205287.8
209233098333431.5, 326025156577139.9
-20133440195749.65, 237406266690865.38
247977373050115.06, 340994535444949.44
268652726224256.94, 348982740080413.4
279353575236789.28, 353117159017073.56
262357652214783.25, 346550552394934.9
270646449155263.3, 349753042121938.56
44337835206481.805, 262315623096273
257534609195091.44, 344687103955508.5
276001739824968.94, 351822131698870.25
157178689055421.75, 305913225719727.06
-134377475452581.33, 193266525796180.4
269810557093504.9, 349430083825350.06
265631279567335.2, 347815362962966.3
193980639956966.3, 320132161295323.8
151989743180718.66, 303908405722682.7
274328797895939.12, 351175767771745.1
43160408448153.875, 261860708212373.56
268864684965539.25, 349064633230454.25
234495086757782.53, 335785470286548.25
266115478011699, 348002439634652.3
-289659394775206.44, 133271238785166.12
188862349580396.4, 318154640013467.25
324348181874529.44, 449912951854481.75
290597628745442.94, 283061625821955.56
256290369146088.56, 113458131182893.75
258655781949295.88, 125151932505791.94
287166986871688.75, 266101692051706
272192645813970.1, 192073611611434.9
251277500354543.1, 88676202368352.06
265042786603288.25, 156727124527641.56
283679812558215.3, 248862281009041.53
298201565676578.25, 320652919664610.44
299704098385421.75, 328080933478752.25
303024047447682.9, 344493639406268.5
285091935228109.06, 255843338151755.7
289527878881589.2, 277773144100650.4
296211824414480.1, 310816311453392.94
276930105082990.12, 215494008842787.4
285314839737738.5, 256945302699360.4
241383929359316.4, 39765731673639.94
271260727267596.56, 187466521332884
296357944389565.7, 311538679217548.3
263552820589356.5, 149361236205246.56
309584638678778.25, 376926984788162.5
270370181951803.4, 183063966321005.2
281957979961477.06, 240350122678687.62
257585147692105.9, 119859078642782.31
255862305034127.66, 111341926911087.06
279703016061832.44, 229202343400162.8
321363005063030.3, 435155246772281.9
302837855337986.9, 343573168554109.4
273401819049924.53, 198051355355378.7
289433060862585.6, 277304395865858.16
270770785846588.56, 185044416561421.94
290059909654991.56, 280403324402963.56
291441120612916.7, 287231564490734.25
285510965152334.25, 257914880453207
287417660429026.94, 267340937384462.4
280008265714605.94, 230711394500493.78
278359785181334.34, 222561863976855.3
272300970304392.56, 192609131275354.4
286838837001935.56, 264479430019545.84
276345763604032.7, 212605222094702.06
241834736023256.44, 41994367434808.19
283181409081285.56, 246398342693515.56
282518440535669.7, 243120850306034.28
294631071188525.94, 303001601843394.06
312202787961976.25, 389870229836085.06
265214868609234.8, 157577839796476
288325388343833.3, 271828437357660.1
314945596510987.9, 403429748155846.75
291009453547990.94, 285097548437368.94
322600030124697.25, 441270680527846.6
309006690481424.7, 374069804263217.44
302146944047073.6, 340157536679312.9
252444356880014.47, 94444746599907.81
264711225530636.06, 155087998661431.44
280629526094138.5, 233782695813394.2
271810096638543.9, 190182417800525.12
324033231551887.6, 448355943921421.56
274011652309910.3, 201066164851928.1
288838209259657.2, 274363650617578.12
287619515806450.2, 268338842137639.28
303818070704691.75, 348419021986692.6
276373553576767.47, 212742606326109.22
283954875148152.25, 250222097474786.12
306582370604788.1, 362084786281535.3
285833191466916.75, 259507858430931.75
265633630428905.62, 159648056679637.3
286372312487090.9, 262173090516581.28
269928561773344.9, 180880745438766.75
290521091609665.2, 282683252094378.25
266113911738655.5, 162022405126428.94
259992640873104.34, 131760911129126.75
284448914568710.2, 252664461370783.8
280149153723647.16, 231407897193077.84
269861314350729.8, 180548296912880.8
281448999493638.84, 237833895295431.1
291373855185697.25, 286899026956170.5
290113613628299.8, 280668818693543.78
274483444907920.03, 203398547977300.1
268700461996617.25, 174809435274944.06
289783589133462.9, 279037289148645.7
276600987981902.25, 213866965145860.03
274159556504451.5, 201797353193955.62
290751059842239.6, 283820137300485.6
267458196563606.97, 168668094894851
232525484181182.22, -4027426883051.625
285882680863615.3, 259752517279399.28
271396826039919.62, 188139347658030.44
306754397050815.8, 362935226880911.6
292331993294323.6, 291635737887548.8
300476666316657.4, 331900248181057.9
287303571707589.75, 266776921310878.53
274479621133399.53, 203379644528614.22
283320358338622.75, 247085260853027.6
262716682550383.66, 145227652378775.2
259339946251643.06, 128534209549790
284748189570511.7, 254143975816309.53
295269887554057.1, 306159694016653.9
294922448499682.94, 304442072776015.25
272134900868982.6, 191788140122834.72
310268867661006.9, 380309581587630.8
125672127109795.28, -532274304799344.9
283489525861334.44, 247921567901926.22
273281166183096.16, 197454888365846.84
289588127052636.06, 278070990692727.22
281741765206673.25, 239281230017615.28
284179841236160.2, 251334253769022.53
294579330569577.25, 302745813713098.44
278630098955570.22, 223898203903007.3
268497242834452.5, 173804788431002.88
274448938688115.56, 203227960890661.1
258794734041738.7, 125838864681107.81
298809322421684.8, 323657463573517.5
274407285433150.28, 203022041278086.22
249158504420191, 78200602749231.19
277284884549643.3, 217247918600467.28
263849388158413.16, 150827366018470.3
301894998227551.3, 338912001712378.6
265940545211702.4, 161165339619942.5
291708900004618.6, 288555375286331.1
296414172475488.2, 311816651867672.25
281530355934007.94, 238236094035847.3
283572045030115.2, 248329514778574.72
281831472500588.7, 239724712555140.9
299009517643525.5, 324647161078673.56
283489091142029.75, 247919418796631.22
285317056016215.7, 256956259230987.03
280066024856701.2, 230996936174795.62
273775152773430.8, 199896991087078.72
301111541212226.6, 335038855059153.8
293356767402981.3, 296701874678236.8
264417183286906.16, 153634353202992
73469802150135.72, -790344953543577.5
261885617107144.28, 141119145750929.8
276004369176408.88, 210917483445463.25
292415908980617.4, 292050588674719.3
276888787116349.44, 215289746782352.47
268476510244369.2, 173702293513830.38
269270898906043.03, 177629482531401.12
205192256907020.78, -139153663125737
270414021007138.72, 183280691791747.44
252344604512213.03, 93951604612607.69
296972260279602.7, 314575649321815.75
259754753746256.16, 130584877586539.25
280270059570039.1, 232005614828057.7
240920914173181.34, 37476741105563.75
300671322921403.8, 332862564635508.6
314926634632095.7, 403336007036252.94
245056154330057.72, 57919970613501.875
295265848388265.44, 306139725746331.56
251507449573234.38, 89812993576248.44
280954050859875.25, 235387036556684.3
245235506753128.78, 58806628366994.06
270534534416629.84, 183876469351344.38
271622767899499.1, 189256327837078.25
244967092233411.66, 57479677713181.19
278518879632383.53, 223348373164436.53
304379512507025.94, 351194600474288.44
267837300027856.38, 170542254274450.2
296836214929300.5, 313903087097082.4
270893880121854.34, 185652953049003.5
275898141704564.56, 210392330732542.72
272865565120196.75, 195400297195738.5
291324651077668.06, 286655778478448.75
300495802404311.06, 331994850529881.06
208135096076075.62, -124605261036466
288358007271522.4, 271989694310038.44
279497932661577.62, 228188480393269.28
249934477587499.47, 82036751787615.31
262332183423505.28, 143326818667024.3
281047390298457.7, 235848475189676.38
276720998493911.5, 214460256550300.16
253524713590892.1, 99785664987485.88
269053614236072.9, 176555300571408
179358391301317.3, -266867562106045.75
286099805348857.2, 260825907340242.9
260792087140244.94, 135713103238511.94
290098531063648.56, 280594255592239.72
286204892074484.9, 261345420589472.75
273387507063157.56, 197980601730657.44
270507528452929.78, 183742960995587.7
240893410178870.28, 37340770654814.69
278138406332523.56, 221467441780621.75
284282899059803.5, 251843736812667.62
283515703411219.2, 248050980859807.16
291268436765339.8, 286377873920319
285750549974926.5, 259099306829684.16
288173761146096, 271078843746310.84
297128870997889, 315349879774188.94
276145358615288.78, 211614487572883.62
275384780133910.25, 207854444657899.56
284587844720988.56, 253351285081343.1
277859462207369.8, 220088436316833.5
293047043190838.94, 295170702868913.25
312879849187022.3, 393217391666946.56
277552944733751.9, 218573117538806.97
305339955616762.25, 355942706551998.94
264675166325213.34, 154909734138848.7
255016463865738.53, 107160374092712.62
283599094589506.5, 248463238656692.34
292369781785306.3, 291822551413392.8
328192931391371.56, 468920093832109.75
280579492031617.06, 233535344321210.72
293304337804783.94, 296442680467430.1
283758060537954.94, 249249112570852.94
315591472746477.44, 406622741939745.9
293621873952563.9, 298012471845891.5
262671085300052.84, 145002234986294.7
280572745779175.44, 233501993129562.72
278339203251600, 222460113873520.75
296258525016314.44, 311047183442742.9
275750217558756.62, 209661043758196.47
280638816301242.94, 233828623456966.84
266611292087248.16, 164481285441302.5
275475746661471.5, 208304152420913.66
287289146934505.94, 266705610108731.8
300983255012267.5, 334404651450905.1
286117078898539.5, 260911301930925.88
290157416124396.7, 280885363427769.2
281631989610711.2, 238738536578422.53
279122154826225.62, 226330761798782.66
269481773548073, 178671975480028.12
280713025004688.2, 234195486202168
257909236073018.28, 121461262047011.12
275230734994245.5, 207092897558993.6
290503953527202.8, 282598527207838.9
263227295822792.4, 147751951795894.5
277953598915430.94, 220553816380628.66
318696020709432.94, 421970577643934.3
281175739579237.7, 236482990648180.3
293094173751553.9, 295403700429630.75
286719232186366, 263888144241166.75
285347600497500.75, 257107260821565.3
304596733686730.94, 352268468559872.3
277662766557623.94, 219116039513160.25
274863614799540.72, 205277979413340.38
292215749395973.75, 403139531996584.1
227851307219934.53, 309447743183881.94
271752086654345.9, 373351700344456.5
273475466738394.28, 375860330224865.6
249597793678994.22, 341102910973077.7
253704709354158.25, 347081122903457.56
269707642122365.75, 370375714553953.1
284325182044107.56, 391653665811004.75
262590622513085.1, 360015859396895.44
245592784991190.03, 335273039455749.8
269024193168209.94, 369380855390847.3
267476908813339.66, 367128558406540.2
336734932703101.75, 467943665762201.94
308585185045613, 426967621793034.9
269290687661107.8, 369768776809944.6
301191156872856.7, 416204540460917.8
770607115373333.2, 1099507609084595.4
267579878013566.5, 367278445024612.3
270311749998340.62, 371255081260513.4
265521258790087.12, 364281825913015.3
273926405450750.88, 376516736979546
262432303112607.4, 359785402527651.7
271092628995956.2, 372391763994945.7
221186735513417.66, 299746491627218.25
279320888512241.5, 384369190145667.44
325809168622014, 452039630144166.94
269286254595968.12, 369762323840124.4
327683351639959.44, 454767775585611.75
284840044071254.56, 392403122229553.4
277564058971042.8, 381811869724809.7
219306752467689.9, 297009903403396.8
267534026967744.47, 367211702171621.4
310949584376130.06, 430409348237860.06
246458658686155.22, 336533444310114.44
559135704720238.4, 791680273416179
261605553624679.94, 358581948635950.8
278443978895587.22, 383092720905295.7
283645033632352.75, 390663611066474.56
258117605575750.94, 353504733935695.3
225197087928746.4, 305584141715660.5
302513734817549.5, 418129744646539.2
259227873179894.1, 355120889601403.7
260297002391679.7, 356677162365333.5
292485114266572.5, 403531631667092.8
273399511248702.1, 375749765983821.8
267368971380299.3, 366971439804412.9
229350260651171.72, 311629687493061.9
267790920293365.34, 367585647698029.2
216308410860642.8, 292645381951203.25
254537366024983.44, 348293175557360.4
271889643291749.38, 373551933998096.25
257636223401083.44, 352804012302409.1
239906960629729.47, 326996496736043.06
261403310822909.1, 358287554880147.3
215935777542865.94, 292102960065245.75
224348452663419.2, 304348829897986.56
283051064885799.44, 389799003334596.56
276180735923117.44, 379798242223595.75
972251564333219.9, 1393030375514107.8
287348655730521, 396054770652921.06
269043136749133.1, 369408430522755.6
403236184386495.25, 564745890994883.6
262497313388871.34, 359880034421729.44
234492891710587.44, 319115533511001.7
240570468430815.97, 327962328656173
257301490467957.44, 352316759927979.75
230332792612792.2, 313059905388807.75
266907520638426.2, 366299731264831.44
278126037673219.7, 382629911303381.7
218526167412955.56, 295873648545497.2
251245848528100.4, 343501894039720.1
248689005889868.66, 339780038425197.3
277123453309395.66, 381170504225395.9
346057932581273.2, 481514645423572.44
282215488134391.25, 388582700079522.5
267931359138885.47, 367790076823967.75
272131271817883.97, 373903659392993.8
239820434810361.1, 326870545845752.8
270923094612786.8, 372144982090412.9
240890291130968.53, 328427877022120.94
267470156313014.44, 367118729162115.1
265174752019586.2, 363777435009181.3
252535409102832.94, 345379036650520.3
251301428729104.47, 343582799090375.25
274819984875811.78, 377817471545864.5
697999425278082.2, 993816576324976
259608647596377.47, 355675162038300.9
351428898494824.6, 489332865967088.9
265792633430190.7, 364676851094779
294517731210784.06, 406490400686691.1
271095885282364.12, 372396503992499.2
301890008859095.4, 417221820973144.25
285657269753974.8, 393592712840287.3
261612547696402.97, 358592129522612.2
250321547948918.06, 342156440374055.5
1371411726612898.2, 1974065934316381.5
363783229772095.1, 507316388511825.4
443005714447022.8, 622636214994280.5
223258378148698.3, 302762068205187.25
251246556060969.1, 343502923956516.9
271037929028932.75, 372312140252625.3
431181603219284.9, 605424504699065.2
263491649920306.56, 361327435582407.3
240714451283337.9, 328171916598755.4
416008567644178.44, 583337948882075.8
309777915858656, 428703814629762.75
251631272693496.25, 344062934861122.94
225838382644535.53, 306517639265660
237291857884370.4, 323189835078484.1
273806345881297.03, 376341972848203.94
248561950914886.88, 339595091465647.25
267367927625190.78, 366969920467339.6
228959087776886.44, 311060278591380.44
289223330173497.6, 398783631434834.6
216910639055120.03, 293522012508486.6
383222509747228, 535613082346595.4
287620139270285.56, 396449954353949.4
258354759223854.7, 353849945496039.9
306392520709748.44, 423775880562199.75
299446608705028.1, 413665097361780.25
464867471979162.06, 654459176563241.4
256447529689223.34, 351073696052483.75
268011205276375.22, 367906304467652.44
581021864417547.9, 823538755878794.9
233316411429058.1, 317402995681840
268373111708547.72, 368433111814484.2
262302032684620.88, 359595775009493.9
218500895752394.25, 295836861975083.4
217158272003446.3, 293882478211493.8
225021658104991.66, 305328778141565.9
2979617094688034.5, 4315042296716076
353157443489537.25, 491849014124714.9
239146809762353.7, 325889986804096.9
214625458045867.53, 290195599829695.7
263019777574127.38, 360640556884944.9
287671597169282.25, 279798257272102.06
253464667580687.56, 241647671640712
263048346466656.9, 252336235811780.6
266938509679513.66, 256674889019102
306896399988619.44, 301239453398931.75
325055754430613.75, 321492367500905.4
139403617170921.17, 114436725694982.62
268816399302073.5, 258769277194638.7
218856135767075.56, 203049183778412.94
280050411484324.7, 271298438651034.12
139404017793483.66, 114437172504607.31
307130771968848.06, 301500845707708
274610734121847.72, 265231630565063.56
214531806230359.22, 198226309984330.8
281735918874012.2, 273178265188404.88
194676974439074.8, 176082449966482.25
310290439319071.3, 305024785484272.8
60318201644284.695, 26233693340713.812
387809033630094.8, 391480360593058.44
243770136911345.03, 230835475781420.2
274479808982970.9, 265085611299900.22
270621067849617.94, 260782002767714.53
299278240830087.56, 292743010227135.56
-154380545398776, -213217290203551.88
233015304629136.84, 218840738023067.75
276849247555943.94, 267728218229657.06
252318523491331.03, 240369390638798.1
204658752950466.4, 187215009960390.12
279177560245080.97, 270324957945611.94
227839942203619.8, 213068717272804.38
290245623969662.56, 282669039041949.8
285872560519042.4, 277791812887749.34
266184120796455.47, 255833527984112.28
285439103690950.8, 277308383593261.25
252452884610375.78, 240519242012168.8
224998698006346.06, 209899911087875
247821225999796.25, 235353607722174.06
275553470885538.4, 266283053772688.5
254877346570463.4, 243223215877429.44
-264847076915535.9, -336419311569361.75
403454577533167.25, 408929651412274.56
311797882404413.4, 306706019000506.44
208865906296813.56, 191907198529624.5
216581337956350.53, 200512128575975.2
286150589556462, 278101895398154.7
287197716815767.2, 279269744095876
149140171400310.6, 125295789935780.31
243037453954386.94, 230018323110126.06
346616185986705.25, 345538462845418.5
317883350608756.5, 313493070005350.3
273521049370087.12, 264016317997310.53
262849701245051.4, 252114689136055.16
270118335914818.97, 260221311762738.25
207609360355116.2, 190505787642267.75
340421690090327, 338629814539933.94
284986194876151.4, 276803259727131.56
271803742935700.28, 262101026359961.8
284770665337288.5, 276562882171256.9
392540744856017.25, 396757582386380.5
284450719126500.56, 276206049931155.06
273331988539209, 263805460679664.5
263745851254248.03, 253114154685159.16
287107264857954.5, 279168864092801.7
271366548495439.5, 261613428550648.4
290459481410315.06, 282907551726386.75
200725157882748.06, 182827917716944.88
267446960503057, 257241958233329.53
273677938872183.34, 264191295010926.62
254568678692751.03, 242878962229354.25
278149572162029.72, 269178454945717.66
132434545421742.67, 106664202064946.44
292442055443930.25, 285118693192448.9
281249250141059.78, 272635489283232.4
273558752531220.34, 264058367888799.94
288869656326025.2, 281134438537141.2
218266236777841.8, 202391276384405.38
260967730994775.75, 250015749884494.56
290911869947416.3, 283412095332928.25
274442246415998.34, 265043718211422
250894192901538.62, 238780851509831.62
334261981677022.25, 331759964304543.94
330858118327874.2, 327963675606872.5
379611681172320.3, 382337949957194.6
271176194406067.2, 261401128877037.66
235799615558266.28, 221946047204678.25
281906392405793.9, 273368392310316.8
428631956067820.6, 437009685116336.6
269289466526552.6, 259296883497629.16
285821358726281.06, 277734708131411.53
242117710932189.9, 228992544551535.44
352055009660668.56, 351604318822645.75
247707790145186.03, 235227094049739.12
322154012732073.06, 318256089165440.25
279269635722716.75, 270427648641220.75
207022665579887.78, 189851453870396.44
286958070277003.5, 279002469134096.94
269654692219114.8, 259704215410386.5
271540199658685.4, 261807099647501.56
319113598333796.7, 314865150801447.75
243482150798425.97, 230514288261999.2
261561331879460.2, 250677785958892
254293366370043.94, 242571909638866.38
277237848150958.34, 268161619895775.9
316533505754422.9, 311987603939740.1
295209601852324.56, 288205305101560.25
308670964189555.94, 303218603948848.4
273279604677578.62, 263747037575841.12
282333444832411, 273844678851280.75
283589954517778.75, 275246049302380.12
301979550362024.7, 295755748928168.2
372421783911242.3, 374319142234939.75
267941915835849.22, 257793976085691.8
282618093648809.25, 274162144323203.62
237764258441173.6, 224137190269574.88
236361047946379.22, 222572206133776.7
351250775297450.9, 350707365710786.4
309164234209643.44, 303768742191803.1
204678696055585, 187237252270610.12
248646932587206.5, 236274508552744.38
331548306573384.06, 328733434427052.75
263071359231657.4, 252361901677507.94
193048021493220.97, 174265697934139.06
297277851289821.94, 290511999336363.1
264563569216493.6, 254026145896184.9
97817541264752.69, 68056265097877.375
270116899570338.03, 260219709824658.03
277363181653729.72, 268301402875057.25
235963645370653.1, 222128987722252.5
310914300049681.6, 305720570008387.1
305341274893466.6, 299505040698824
418727173589082.3, 425962997890676.06
298945942670358.9, 292372402003879.25
239852295160353.3, 226465953026554.75
257803057424130.2, 246486226729263.28
278959003675429.6, 270081204377955.62
308853508694610.94, 303422193685062.6
195671034949756.5, 177191113944560.8
244938536811377.6, 232138578426819.94
30620333385229.047, -6887989304097.625
196716421396787.44, 178357021134858.5
310700323715410.1, 305481924723297.4
261920224339388.4, 251078054491894.66
296160102335000.56, 289265387093517.25
329942152485123.75, 326942109692025.56
292634985214914.25, 285333865493421
268401715208223.1, 258306784909517.28
342338259905882.25, 340767342279087
108848769826234.69, 80359264370708.19
264963386998158.94, 254472057958443.25
268125930833743.8, 257999205845248.4
335523554611087.8, 333166981737273.7
221074804292743.9, 205523638650398.88
246409249686857.78, 233778847172656.25
279474836356216.62, 270656506490612.8
337031327268175.44, 334848582820993
211710294159201.8, 195079510807225.38
284242645055009.94, 275973987370219.4
288222940593460.2, 280413164098566.2
255102696102184.5, 243474545555664.75
98230217761983.84, 68516518334137.75
244258481340216.3, 231380120570512.25
269828969904539.88, 259898585260046.06
272494585051190.06, 262871514433628.3
262171129984198.9, 251357886602021.66
294826128083340.9, 287777621324122.4
278138807851953.5, 269166449637487.28
285764841844552.1, 277671675518956.94
349116652848822.56, 348327204082617
258109290025859.75, 246827764342721.1
227461604938351.7, 212646762177455.2
278031501862214.12, 269046772531136.38
274633161676263.66, 265256643752319.4
299925800464070.1, 293465225859020.9
376041246642106.44, 378355886383397.25
129587372309689.58, 103488783431202.94
298761529868358.6, 292166728578089.5
259338321120272.78, 248198488245011.3
294678351091022.8, 287612807385321.5
260776301502798.28, 249802250827025.97
320349670737818.56, 316243727793402
286554134139824.5, 278551963918446.16
287778814185220, 279917835147020.12
197977185429403.44, 179763136409330
276809590277725.34, 267683988934400.78
271625626799248.34, 261902375531086.8
246253653929465.06, 233605313057268.38
256693466701119.53, 245248713266256.4
169028768045580.34, 147477307497547.38
283525396523998.1, 275174048532374.16
268144652092629.72, 258020085444757.78
287840960143883.06, 279987145802671.9
273634378594784.5, 264142712746659.72
276057521422284.44, 266845215398883.94
262745356044363.47, 251998314162856.8
196750330020976.94, 178394839023992.12
290221380023647.75, 282642000054539.8
199092498469397.06, 181007031905062.2
282493445979459.94, 274023126245859.16
304384112356162.75, 298437528595815.9
270051657795803.2, 260146946442031.47
302206154556204.9, 296008477916664.9
283862627688910.06, 275550158478203.28
266963915460879.75, 256703223787793.53
429877896944471.7, 438399268299569
226292535127972.03, 211342912388936.56
250052683811878.6, 237842326334646.88
270930886442717.12, 131220523491303.5
282724848873955.7, 145529374970379.72
287559940457934.1, 151395478730353.56
252751041674070.88, 109164094176401.81
284538107369185.2, 147729284174150.78
343572117539833.06, 219351428866480.94
409641836588833.1, 299509543889164.8
-601187894603447.1, -926864762336763.5
362221378750832.25, 241977370776884.38
116038687623831.5, -56700158899256.25
-175505132362184.2, -410411411088172.4
280328291589657.6, 142621787088694.53
127616310486368.81, -42653778220442.56
304148481935860.3, 171521282729308.12
258302506022495.66, 115899326657946.6
323718480282893.4, 195264295429752.62
308156420297883.6, 176383855006762.88
287824827083512.94, 151716848533445.5
303137514024476.6, 170294740777997.03
262579707013800.8, 121088577860633
252079133480239.88, 108348911441239.22
146297192236959.6, -19989473155387.562
285639111074551.44, 149065060728455.44
93535286300566.48, -84002079622335.12
333872660021169, 207583704671042.9
299719207257742.6, 166147530362474.16
278593859531875.2, 140517512900943.78
384109836674137.5, 268533220463247.34
305993666484281.6, 173759925747613.38
336393498163649.3, 210642074476258
362717158037371.8, 242578867705406.62
240158795205364.12, 93886736328338.47
277430619588513.47, 139106229146129.97
245628222081876.62, 100522438053519.1
-1485147574614037.8, -1999315844702553.5
206481308984434.22, 53028021427945.59
106791041860213.86, -67919729127174.69
281098185285500.7, 143555849293210.03
317488064001228, 187705334499790.97
247853861397163.16, 103222662222800.53
-41001753102576.22, -247227164192324.5
408737285960300, 298412111141312.1
360978935786229.06, 240469995121299.62
254544299260723.06, 111339737571972.47
285022892758674.56, 148317442918751.88
321085702460604, 192070116454180.97
273168716913890.38, 133935538401182.81
154140707180693.03, -10473443995711
354591157325936.25, 232720116842267.88
325368826265395.44, 197266553423229.4
404111142398792.8, 292799510496836.5
281250932011213.06, 143741167011905.22
269002353365200.22, 128880759095786.69
316829059399813.5, 186905806858368.97
290043385337092.6, 154408481708744.38
259108456075804.78, 116877133707917.22
330451759149059.75, 203433346995322.12
333711938226585.9, 207388711317320.75
209029489141383.2, 56119563530126.28
290209418101709.7, 154609918518757.75
-10443977581426.08, -210153392420340.8
275499230700552.8, 136762999980589.47
319636296267519.8, 190311645705218.56
287851855348358.6, 151749640178295.03
296197705440436.2, 161875120069418.56
306397082974738.94, 174249364872065.25
286696834131304.4, 150348327672310.1
386978923092126.8, 272014097367425.56
314553006738366, 184144419438230.44
288412575723832.5, 152429925927950.84
237977245644715.38, 91240003405492.56
353390350426841.56, 231263255530866.25
214268984068664.62, 62476303699254.53
296233869630979.2, 161918995741768.5
416238606717149.75, 307512978236019.56
221666872256669.88, 71451682750878.53
298988402539476.94, 165260892285166.53
330981673745073, 204076258086073.5
368837003544068.4, 250003680268678.2
314448671631185.75, 184017836403783.8
335134532273284.3, 209114652623976.94
338093868480076.9, 212705023757217.9
301605379722911.25, 168435901368009.62
288287237407771.5, 152277861059200.34
241389808727015.16, 95380245380341.56
316960065921951.06, 187064748594785.88
265968501876628.5, 125199983392740.12
311120380487078.8, 179979836118654.1
187879928254484.03, 30460169807050.125
357627530283635.4, 236403951680652.88
280683429611722.38, 143052653071346.66
374586591497279.1, 256979283300147.12
303400688020141.56, 170614032758031.7
288237666161426.44, 152217719473561.16
276813281418126.88, 138357252689410.94
338382221072908.8, 213054863299991.94
299586767334984.9, 165986849573834.25
364449630189648.7, 244680764066624.9
309627321346499.1, 178168404073097.88
281489820394560.2, 144030994829936.66
220223620328894.16, 69700678573797.72
247781957330962.9, 103135425671895.81
292651105585816.1, 157572259951680.97
89462565034351.94, -88943248805610.12
380514537003074.75, 264171276009384.44
294528653355807.6, 159850167172626.56
344983492396173.94, 221063758655423.9
352431358216382.4, 230099772334353.25
300772974948479.1, 167425998516676.53
292921331521697.94, 157900107594478.75
192059557772058.4, 35531043854107.28
379077453904476.4, 262427756073584.94
219789939063241.53, 69174521155910.31
277974730619885.44, 139766363853309.19
258952814688513.5, 116688304083630
248142223662774.47, 103572513500931.9
398146924276238.25, 285563510568737.25
-23974562673555.3, -226569175804174.06
362880002287597.2, 242776436097224.2
307266970366046.2, 175304742957107.12
363230875120451.75, 243202127401790.38
414840497537978, 305816742834818.56
277794114983635.84, 139547234588741.69
292057780763804.44, 156852417336740.3
159594688435612.56, -3856481443786.5625
293634866275686.8, 158765793141597.62
289737356234208.1, 154037196400097.75
280168604943538.47, 142428049613623.53
301540873712095.9, 168357640399005.7
264876949740375.7, 123875673815668.69
290400848260474.44, 154842168343729.7
319996857835727, 190749091725469.9
288859441306447.1, 152972079024505.34
259842894771212.47, 117768180654551.53
295257311162124.4, 160734200540584.34
225251451514817.97, 75800620821425.84
273179339455008.78, 133948426042980.88
110944733983697.3, -62880323242066.125
257269920098664.4, 114646556970945.44
288022453388646.56, 151956615741879.7
315123033253230, 184835995724646.34
332881190573930.2, 206380818944613.47
357748067771545.5, 236550192015249.7
329089280831475.2, 201780340212958.5
318284223313612.9, 188671263077316.75
299542882709861.5, 165933607197765.44
329625098272825, 202430412844007.9
283148404277502.44, 146043247334976.88
386888385771903.2, 271904254295095.44
360848219034887, 240311404945039.03
336690503494451.44, 211002411826128.25
325112052679470.5, 196955026646188.12
272700672981932.1, 133367690983733.44
219685284965021.2, 69047551110275.34
276268418180405.9, 137696205378940.66
289370203346626.75, 153591753558546.78
289943157627653.8, 154286881914204.66
311598878133015.56, 180560366350856.75
334379399660039.25, 208198499085848.75
290140693062042.1, 154526538875043.4
320679505318423.3, 191577303744917.62
391846817822317.7, 277919999062142.44
267143345715305.78, 126625345402900.03
303167613994512.06, 170331259123995.9
285023278217162.7, 148317910570594.1
412851548571269.44, 303403679750208.9
322048962481773.5, 193238777509276.3
266965429911136.44, 126409491669900.47
358593967775243.06, 237576467755029.84
278170353056040.12, 140003699897173.31
270304134645494, 130460126090260.75
308965838915673.1, 177365870241581
412806660067295.75, 303349219432887.9
376340430970725.06, 259107103249548.44
352742055639345.9, 230476721413684
302295678341086.94, 169273396015061
282406702021610, 136893960406711.19
291365152928647.44, 141322857484347.7
253725625055026.16, 122714551569298.95
294770752703827.56, 143006524788931.12
362719786642076.06, 176599305612334.88
541839787993441.6, 265153014145594.25
459564341198492.8, 224477512359327.4
170836125257663.9, 81735473017794.03
280636209401261.88, 136018660684291.89
172860072344441.94, 82736076071931.47
308895623090511.7, 149989606777853.6
260568811154835.16, 126097699753474.19
433475123428704.6, 211579472113589.44
1044487798130008.4, 513653153988391.25
293127303804300.3, 142194033198153.6
309226779408413.4, 150153324508052.2
264670764736532, 128125631861279.38
264014853816848.9, 127801361294245.03
297744894815696.94, 144476887181315.97
185945238906884, 89205147181453.39
286394632495913, 138865521540074.47
175888180356764.75, 84233118235327.03
317759046692984.25, 154371524064469.25
278123268975592.78, 134776308114298.19
169963334843533.5, 81303981127662.14
594508653983405.6, 291191554635014.6
310549786713677.5, 150807395535373.78
619358272414062, 303476759252417.8
248742504517991, 120250986359978.2
277499084629857.7, 134467722595058.36
246846159163196.56, 119313467308169.72
229581316129949.1, 110778039291732.77
164318244318161.34, 78513149856691.62
286405203224997.2, 138870747518498.11
327392711852194.1, 159134234929696.62
252021747162840.25, 121872184970914.9
112079586147368.81, 52687296378996.445
487797434983255, 238435446365277.25
390552470214060.9, 190359284007473.44
256104283192943.56, 123890517390291.83
297261502050178.3, 144237906488250.56
344720852103497.4, 167700955952812.8
273207115183012.16, 132345850059539.22
179858736522042.44, 86196089822655.31
407919738090209.2, 198945349024895.06
347439516688869.1, 169045014848951.66
280923119552542.53, 136160503905149.73
269027265679675.16, 130279407608451.27
324808260308896.06, 157856528548740.25
306951696625586.5, 149028564480587.22
259628599173508.3, 125632875852593.5
357799284018453.6, 174166697573690.06
381579741971757.06, 185923328471952.44
237718039360775.22, 114800688978882.77
291596040658705.5, 141437004227297.75
275548916757298.66, 133503594658062.89
503877048013493.4, 246384917975732.2
290783180637390.1, 141035140845973.28
321053324192293.4, 156000155637161.38
293111184960771.2, 142186064331689.75
290520026618177.6, 140905042229733.38
438229598166223.7, 213929998950115.72
346735357364149.5, 168696891137854.3
289071121107054.06, 140188729392773.42
248425011135985.34, 120094023339660.8
256907402311734.22, 124287565044525.42
425004650013533, 207391822335302.34
230470753428953.53, 111217761102476.53
306724662499777.75, 148916322890299.75
504659432928674.06, 246771715012450.72
227778170830282.8, 109886596671673.03
302449319212477.6, 146802670029162.62
444692236576457.44, 217125011197871.72
451778776353693.56, 220628469065269.34
328772100889058.06, 159816180071516.97
370020869975105.25, 180208829956753.8
393858979636266200, 194714076085201800
335191024629403.94, 162989580572362.12
291274802434525.7, 141278189824332.44
258302357562672.62, 124977205842742.16
355019544269267.9, 172792444214542.06
267518434550270.84, 129533468623127.78
329224016704005.1, 160039599126097.56
242650217070609.16, 117239068970261.34
384333202682543, 187284589946947.75
284752400575308.44, 138053631601798.06
436895169009449.4, 213270281164744.12
309909008154604.3, 150490606135382.56
288827445715489.4, 140068260659865.03
276598693939672.34, 134022585624629.66
261874930314551.12, 126743421585243.89
381309955502821.1, 185789950891804.34
302585490315292.25, 146869990574374.3
1339683445439579, 659592575130201.5
3555908797955389, 1755254547160489.8
288671628822544.4, 139991227589195.6
227016486466990.28, 109510033615663.23
255350033087358.5, 123517629697643.03
296872234734438.75, 144045459725413.06
153201935490646.75, 73017446616122.62
477666610605394.4, 233426948920042.78
299192446738081.44, 145192530828337.5
292866311774604.5, 142065003430663.53
302667014628588, 146910294729262.12
311499393531341.9, 151276864074443.8
447904663224468.1, 218713177181157.9
253283715038148.16, 122496079201404.22
236516090380972.5, 114206467011339.84
274684509288005.88, 133076247145154.1
261161492646593.1, 126390710828051.14
249287899860523.88, 120520620012466.36
529846280024080.75, 259223639419168.62
133776102072583.05, 63413663802697.87
302843647065068.7, 146997618630443.56
526413454463746.2, 257526512175857.16
288389366596382.5, 139851682218958.27
275334197718248.88, 133397441425274.22
306390685166141.5, 148751210500636.88
225830739427239.94, 108923821596011.38
298427926061711.7, 144814565550132.25
294326329629849.06, 142786810010784.44
278101624660421.75, 134765607553988.9
308398576440725.06, 149743875849869.2
266764466339929.7, 129160720294419.8
341343907513400.25, 166031455256585.03
291177445405685.2, 141230058259512.4
263232100734469.12, 127414382242282
311181402319614.75, 151119654936061.88
229961071520390.97, 110965783529704.03
272569862636067.3, 132030803856555.27
166621325862902.16, 79651751968698.33
259059728319451.8, 125351636329239.73
293343060371232.7, 142300699366075.22
293840030240122.1, 142546392334964.38
453863422617160, 221659080701140.4
1728792652847829.8, 851961172051134.5
328818961786504.56, 159839347256771.44
307949020671054.56, 149521623559245.56
283754335779329.06, 137560206309403.77
499180776389547.5, 244063165712208.38
643517020760398.9, 315420410120269.75
196634762328818.7, 94489855390050.31
290054233602538.94, 140674762536608.64
357084516467332.06, 173813329346169.28
354712292099504.75, 172640544265445.66
272573268063509.2, 132032487438661.34
233840748806759.22, 112883826233077.1
279987444112342.44, 135697922788646.33
290754162129161.8, 141020794617186.25
292088896930852.9, 141680663507909.9
333980987465148.4, 162391359951831.28
381337015074330.5, 185803328657494.38
305192082993962.25, 148158643134615.7
333710474456767.56, 162257623183643
267663046296936.78, 129604962070917.69
309480446332200.4, 150278732874868.22
285761945254129.75, 138552732341889.5
141245453046702.38, 67106376643835.516
346790549762800.7, 168724177267524.56
321774047366339.3, 156356468217588.62
848196224291612.5, 416610128719970.9
283308186485242, 137339638119068.58
270344064343052.66, 130930409194840.14
260975163376456.3, 126298592986635.22
651090304770074, 319164505585727.1
536741265568707.75, 262632396317635.9
314773904916049.4, 152895723635422.78
283351398999876.7, 162535735531093.25
282834860257053.94, 148515398225904.3
286483644442975.4, 247553826129486.2
289862718569795.6, 339271552428892.94
289547678142763.56, 330720455123737
289346599133730.3, 325262596307120.2
286777880993193.25, 255540246778257.06
287547133648714.56, 276419961713835.56
289039796794705.9, 316935104247885.5
281607264121380.44, 115194931686195.02
286612757347588, 251058319254686
286269918032529.56, 241752680703099.84
284341539082027.4, 189410966332326.2
288968267437264.2, 314993593117325.4
283306942604852.3, 161329061951860.2
291123484852028.44, 373492351518069.3
283255162193441.75, 159923593642144.94
285755473377311.9, 227789182918619.75
282865722303975.44, 149353082356630.75
285831241902723.25, 229845757179785.66
282233972507727.25, 132205587887037.08
291344243540309.1, 379484373057116.56
283779849149044.75, 174165096722797.78
291901473202438.6, 394609178172060.1
288978067784886, 315259602552774.56
284725633644405.44, 199836390168302.16
287532053929007.1, 276010655036062.25
283865736462354.7, 176496323798353.25
285762166802518, 227970861602786
287712593435613.7, 280911013072526.06
286870762644953.6, 258061320183181.53
287244737847240.94, 268212075673837.16
285787350973234.75, 228654431950812.06
285626414226867.06, 224286148835117.72
286010734235263.9, 234717691920174.03
330246025738305.44, 1435389889859873.8
287114809066344.94, 264685437335231.44
278877276033322.3, 41095255010331.625
292973987231739.8, 423720273253092.4
286611864827208.1, 251034093701517.97
286706022632040.25, 253589805546961.34
288477535773596.25, 301673733674909.94
290951618404233.75, 368827405077927.8
282603190242072.75, 142227212104986.38
287468986582312.6, 274298827054354.4
287741823077369.7, 281704389063046.06
288261423187109, 295807820613113.1
290478371773576.7, 355982139388664.6
291630412213291.2, 387251808466629.6
290615248129435.56, 359697354761977
282854200232896.5, 149040340427345.28
285780616306556.06, 228471633855247.72
292276785142521.7, 404796216545743.2
285659885223525.44, 225194647315845
296738426367848.75, 525897906947477.8
287502540424994.56, 275209574212864.16
297163494584784.5, 537435472835733.9
287284987156314.06, 269304556920107.72
289920775830623.44, 340847392365647.9
288797544139403.5, 310359675032535.25
286463756821804.44, 247014019269132.16
290616704847726.25, 359736894258438.5
298573347771875.3, 575702916485341.6
286935815445543.1, 259827039056325.1
283891808642889.25, 177203997270005.62
290762994169854.1, 363707604430480.9
288102313079125.25, 291489117682125.6
283132980991336.1, 156607246727849.38
286587607648533.4, 250375684566060.47
285795510275962.1, 228875898739126.53
285168555821940.5, 211858563558539.56
284913104852451.94, 204924894386707.16
288132250382406.2, 292301701628322.5
287620427595898.3, 278409368851680.22
283974856896641.25, 179458164157559.94
287810375909035.8, 283565108779698.06
285305637620684.56, 215579355238735.56
283535301951565.06, 167527387076920.56
288070372310512.06, 290622153962624.9
283438172259846.9, 164891009730284.03
281576060003331.94, 114347962767735.73
286915471694213.94, 259274851520247.16
283218882807155.9, 158938867442956.88
291376627480776.9, 380363365726955.44
287955681801057.3, 287509125848853.06
289329386208323.44, 324795388331790.7
287190474830110.25, 266739222351718.5
284675862122297.5, 198485448853943.84
285187623103260.8, 212376104051519.5
284099129039183.56, 182831265169422.7
283663118630079.6, 170996696922315.8
286702439866400.06, 253492559051013.44
287816730530999.7, 283737591375860.4
288371229627826.7, 298788281146878.94
283892238517349.06, 177215665291057.7
291841034595337.94, 392968701693612.9
284918035173533, 205058717387478.84
286003265111710.7, 234514958566587.5
284686111734341.8, 198763652609432.34
287633465930560.44, 278763266506795
285918839797706.06, 232223414329319.16
286550554222736.5, 249369948723002.44
288404659935305.3, 299695675207013.06
285564034781227.5, 222592992453472.44
283675891384227.5, 171343385963472.44
283608173322312.94, 169505324282934.3
296054266960814.6, 507327865899408.7
283598606031028.8, 169245640662365.2
289232860028143.2, 322175392012612.5
353246742529223, 2059695059899064.5
284700786888864.6, 199161978232194.4
283814102311784.25, 175094825425727.06
285051926688997.3, 208692915664367.34
284102263263182.9, 182916336963689.75
290613913865312.56, 359661139021495.56
282549152706038.06, 140760478984044.84
288007863231601.8, 288925478963632.4
289041758310339.4, 316988345386509
285668918917128.9, 225439847570795.47
285243600113858.56, 213895480053458.44
285737751826021, 227308169383581.72
289076310294701.7, 317926184962057.5
286428336149526.94, 246052601021600
294123778308439.2, 454928888192075.4
286542282794243.8, 249145438521058.06
285908559372047.9, 231944374204311.2
284488649477525.7, 193403962781566.1
289573942896618.94, 331433355585525.7
288209584897466.94, 294400781322828.56
282645691487577.5, 143380817340115.28
284839953070354.2, 202939346015482.5
284169849831358.8, 184750829528465.2
288172472627473.3, 293393448280144.5
284422628326863.56, 191611960120736.97
284119570043788.9, 183386092437281.2
284255818062741.06, 187084252951697.7
281221062534653.1, 104712317189309.97
283569152292474.2, 168446182044453.94
281879074325064.1, 122572637214752.25
289136230378334.2, 319552587232082.5
283256583222537.7, 159962164431891.8
286531932562274, 248864503653306
282879991707239.06, 149740394730929.12
286047313897472.75, 235710568465843.5
289848125401499.4, 338875452146566.2
290065065880943.6, 344763836588624.4
292145303490477.06, 401227428847389.1
289900118392762.06, 340286690480839.1
288690522096273.9, 307454791004731.2
290300031516993, 351141475281393.1
281920260785744.56, 123690555433221.27
286052335970640.6, 235846881880400.1
282079052035995.94, 128000603654330.02
284466128894630.4, 192792689817264.75
292456643588648, 409678088654886
284728822101137.5, 199922933993886.72
282982314731399.9, 152517733958151.2
285738149808355.06, 227318971761220.56
290391132349993.7, 353614212177126.06
283323886449154.1, 161788966297195.12
289101186659019.06, 318601400564957.75
285093867532635.3, 209831309991684.5
284221920920343.3, 186164187658044.47
283593246750925.94, 169100174488144.3
287855260655627.6, 284783409044333
288941937537161.5, 314278924400252.44
282996862431311.1, 152912600098599.38
287257401537934.94, 268555804421245.72
285199979639147.25, 212711495739865.66
283888246262073, 177107304076421.72
282955416243047.8, 151787632131452.34
285847620316181.94, 230290314116521.44
283920744901192.6, 177989409995382.97
284262685793842.7, 187270662795884.66
283545546546298.4, 167805454648253.3
286927373585671.5, 259597902859809.56
283493813976779.1, 166401284904159.38
288460036935932.6, 301198765224040.1
287692364281816.56, 280361936040889.84
287008773131260.8, 261807319097233.78
284972741413097, 206543601032787.44
283278809563587.06, 160565450831803.4
281728301423284.3, 118480229880728.77
284447526289999.8, 192287761977292.34
286563106006321.25, 249710639991731.34
286485012058625.44, 247590947125702.16
287864665568568.8, 285038685252736.6
286855179362776.7, 257638345381236.06
291743410556789.1, 390318906361573.7
287425775752228.94, 273125961666368.56
288786431031294.6, 310058033526723
284554682366668, 195196284058286
284985663974609.06, 206894356273829.16
286526270233920.75, 248710811883717.78
282881465318746.5, 149780392757559.56
288281481009154.06, 296352247211479.1
292030930517803.9, 398123019589116.9
285647894680506.5, 224869189719616.72
290080067402823.1, 345171020753925.1
283692611796202.8, 171797225717088.06
282271737429449.25, 133230635762348.5
286863838655125.5, 257873383316418.16
293010250851948.2, 424704571515891.06
288382475342908.9, 299093521984824
291867917624263.25, 393698383907299.94
285808915201477.3, 229239746717395.94
288145664331474.9, 292665794531615.5
288299623869946.1, 296844696290120.8
290829451154103.2, 365511436860098.2
287662762091502.9, 279558448018089.75
282316531428788.56, 134446472887272.7
284613657702103.56, 196797043162965.56
284274467029077.8, 187590439180838.06
289336228114248.56, 324981097206901.3
284816449667769.75, 202301396516762.06
285885785373766.2, 231326222822379.66
283165052946734.5, 157477771231519.56
285243235169674.4, 213885574425601.9
287196884550369.44, 266913200473039.28
288906245538130.56, 313310141569412.75
286980881535038.8, 261050261485493.78
287676202540358.2, 279923260201305.34
286014502698209.2, 234819978771546.78
290377927946710.1, 353255806945143.7
285684602041874.4, 225865532385316.2
283546737458304.4, 167837779402701.88
284424857205760.1, 191672458262215.1
285805595357915.8, 229149636677869.5
282329718671518.1, 134804412332789.39
285126292726679.4, 210711422401451.9
287790146908880.9, 283016035918349.75
282439712458693.25, 137789957984685.64
291440391960008.75, 382094115877534.94
285616378753400.25, 224013757412447.06
285719650677450.1, 226816852493800.8
288234651693248, 295081165779743.1
287037556867393.4, 262588591935117.6
286836818934413.9, 257139990897102.6
289971100426922.06, 342213345693753.44
285479513253859.1, 220298836710616.53
284461981691236.06, 192680122867990.56
260869787289540.3, 222045884176101.88
289875584292247.25, 145265833286583.53
243688898441749.22, 267524707596725.38
245282414139509.94, 263306577808535.22
245406628408089.7, 262977775332882.94
244025259812653.6, 266634339261978.5
250014984237253.4, 250779186373331.94
238885486780819.4, 280239620816833.7
278843175938466.5, 174469267164238.44
241564984522019.88, 273146832678361.88
338054427392689.4, 17733601550119.062
274105132646575.12, 187011146466303.88
273791011125953.3, 187842644609126.3
283714072546953.6, 161575717318243.12
286623450418665.7, 153874422951946.47
394162291072124, -130787214071913.75
286659458375154.5, 153779107773005.5
275745293131134.7, 182669545183646.2
291915800220896.9, 139865261710746.25
247259955845616.75, 258071908586487.78
284955889241031.2, 158288555480978.97
228593686829366.06, 307482620688327.8
253237983852153.6, 242247716804478.5
270129271145100.28, 197535485734913.72
250105433883717.84, 250539760838573.12
276182732194614.75, 181511618250904.8
280925076095950.56, 168958354982662.97
257792681925838.47, 230191163080018.53
248812316619195.84, 253962718303484.3
335759127642772.75, 23809395005780.688
254114372296888.72, 239927865039003.16
262129756787670.78, 218710670798697.7
272157180363923.1, 192167490743912.16
254077996263620.28, 240024154538831.38
276829999139400.5, 179798264573530.78
254583304894057.62, 238686572870026.62
262319959104860.5, 218207194076724.9
267290282589559.22, 205050455440757.72
235136538323631.34, 290163307909390.3
241180896314620.97, 274163536756770.72
228704153355841.5, 307190209294716.4
295236956696920.7, 131073965156565.6
803820071579754.2, -1215175456592111.5
269376607423121.8, 199527830881327.3
234351699035947.7, 292240823670905.9
250436376145626.88, 249663737204108.03
266463862146062.8, 207238038967659.97
289255784841655.4, 146906478891091.4
240999645675738.78, 274643317859694.2
271735164932897.8, 193284590414273.2
234541415939361.06, 291738631867752.8
228608699328615.28, 307442881719726.94
250573383078970.7, 249301071792315.6
279430585463626.6, 172914359597638.22
282195933276413.75, 165594321269672.2
270220891325566.8, 197292961727796.44
430548115418216.2, -227102631458628.38
285926882990037.5, 155718277910079.9
264746489279359.56, 211784025967756.8
225450313277664.7, 315803315384007.94
252679467639229.84, 243726142073982.53
273632531356921.94, 188262149880091.7
291701881366712, 140431517501235.66
226043753118184.53, 314232445217926
251830123558303.94, 245974405817609.94
274759664191649.7, 185278562964635.88
277682007229310.7, 177542949041415.6
264834081618330.72, 211552163894009.62
288969663247431.44, 147663859581684.22
282365880691670.3, 165144460464581.28
292027265735914, 139570205935700.94
238313701433405.2, 281753170265871.3
305514559275848.06, 103868546565287.25
249749238836705.3, 251482630080665.12
235108653970325.7, 290237119432846.5
248817757297653.66, 253948316507566.56
266468859760805.16, 207224809987459.62
288619048747170.5, 148591956788257.25
279043197265246.28, 173939798946291.97
281549192190319.44, 167306282968157.16
264295779152350.66, 212977082186309.8
245768026523601.44, 262021133262410.66
272446295328061.78, 191402186427074.47
250131564608066.6, 250470591274120.56
276711691365371.34, 180111432210666.78
315411603067241.4, 77670489470422.6
270289416040786.1, 197111572775745.38
240478982029947.3, 276021545157377.47
258756810430959.22, 227639058213522.44
279785749386844.38, 171974219800885.25
291000506067532.9, 142288099175533.3
281923787253323.7, 166314707801381.2
226699155418681.7, 312497556775433.56
281281684428020.44, 168014391750713.3
252276134757916.8, 244793787936281.75
278816119203312.12, 174540887933764.75
299397275405434.06, 120061356810500.75
233546742474539.72, 294371591039338.75
440848663875731.2, -254368789140285.75
288383392731844.9, 149215752122942.75
278629062827723.5, 175036037163264.03
275376918061561.2, 183644655661928.97
237764257079302.25, 283207581791437.94
240869103634556.1, 274988870321648.34
312040582148498.8, 86593780137682.31
258791578192014.6, 227547025904846.44
267889616772875.94, 203463982602566.38
241435361630336.16, 273489952097524.66
292730783474882.3, 137707953097255.4
250777516190629.94, 248760719437923.44
276536226020192.97, 180575899300844.84
236861924884264.12, 285596108190068.25
348787170092428.7, -10676599713896.75
277113138609821.7, 179048777740062.94
276036636918914.75, 181898341039522.47
292060826021952.75, 139481369884421.88
279299798933315.44, 173260559236697.16
294008178187080.7, 134326614153200.88
283981374447695.44, 160868153463338.3
268786788588535.7, 201089116031702.38
285880420552293.7, 155841266715872.34
274639354109972.88, 185597030827898.03
250089065297058.66, 250583089450318.03
256867141350118.97, 232641123427511.3
244149394939611.8, 266305746278853.8
293255990982276.3, 136317697930624.25
256657672970155.12, 233195598550945.03
290455230560556.6, 143731475517529.28
274363568620313.62, 186327051241701.94
238345981637340.06, 281667722667220.2
272872659500912.12, 190273575381294.12
285118484089359.6, 157858157353050.75
263498613427606.53, 215087226751808.94
283717574729808.1, 161566446834216.5
273160341786014.44, 189512063450140.97
382580493288599, -100129514056700.5
245752797682661.94, 262061444900191.7
284659027883513.1, 159074364956762.1
267080827840003.5, 205604894483699.3
1104352275415908.5, -2010701878511343.5
280952233388753.34, 168886468031126.22
286813799218971.44, 153370558480548.9
235912073312992.2, 288110421172846.94
290933629637469.3, 142465125019819.25
279320740406702.12, 173205125924791.22
280714987707202.28, 169514471305820.22
249033893858121.6, 253376190318092.62
282761509978410.5, 164097206470269.03
241879809953780.78, 272313471241347.7
270821820929907.66, 195702265716305.97
240558491337663.7, 275811079342834.12
253189750137905.1, 242375394283371.56
270709021768954.34, 196000851730594.12
285877125904075.8, 155849987843507.9
292162309006406.8, 139212738454984.69
230663432032101.53, 302003883386969.25
249027055237683.16, 253394292548664.94
1639295953854109.8, -3426729262612464.5
239444753709088.3, 278759208359651.3
265871611399794.72, 208805761531310.8
281648367687653.5, 167043759592861.1
227064690519373.22, 311529963861838.3
265672514448638.22, 209332782872607.44
230297787983161.66, 302971764692986.56
280817213949481.47, 169243872429198.8
291197034615376.6, 141767876548888.12
256537111970979.44, 233514730607586.56
238092132041597.5, 282339677479479.94
245708132993540.62, 262179674959630.47
245881018759785.97, 261722036166628.06
277070360327839.25, 179162014368840
239110333054900.62, 279644439503089.28
265302233187153.56, 210312939153008
296929014107999.4, 126594989656651.4
290455947463036, 143729577834495.66
292793246498047.5, 137542609800641.69
261036208744322.66, 221605356795795.7
251095723405252.12, 247918406222747.1
285661131382734.6, 156421738047058.12
267732636678988.66, 203879518145209.2
251243808057683.72, 247526417436898.75
248474920999413.56, 254855824355849.16
245223670951336.16, 263462074483112.88
276547924774629.5, 180544932009689.3
226470878219908.25, 313101819948657.3
416973566865392.75, -191170002936448.7
284097115651508.8, 160561779688538.22
275332535652091.84, 183762138510524.3
241663075983149.84, 272887178810664.88
291860403553266.94, 140011899948590.25
267576121684381.2, 204293822542699.56
234754186995358.1, 291175414366584.25
228267280466743.72, 308346637530563.44
295199191518405.56, 131173931805576.22
274922036914625.22, 184848752815583
232811731408233.8, 296317208567795.56
275412555635039.62, 183550320908603.72
234622927673401.8, 291522865512939.06
247935007918878.8, 256285006039617.62
262824810592383.9, 216870822492104.12
259671643141884.72, 225217442214013.75
263476588853238.28, 258290452071364.06
272146006051183.6, 378828695035103.6
269068726144299.25, 336042668637461.75
265924848037018.2, 292330671107380.8
263578749441218.25, 259710877169623.94
268529011042512.06, 328538552895305.25
263604061596323.03, 260062813480023.12
268619468299609.25, 329796256681483.5
268928500536736.25, 334092993363076.1
270427610641959.53, 354936389633776.8
270266023972502.03, 352689713441127.3
268775354919820.6, 331963680266345
250810733763046.2, 82186351490423.94
258243582757362.94, 185531540392174.12
268251449375931.3, 324679378184961.4
255281721591895.53, 144350278418463.88
271499616872256.2, 369841399335786.06
259473588986406.3, 202633357769065.7
268591955941179.47, 329413729082546.3
253147926566608.84, 114682320663035.56
252729413050867.47, 108863373126862.12
267462657392287.5, 313712135796990.6
270408778502031.72, 354674550457472.75
271235398571375.6, 366167748729311.6
263887454430127.2, 264003063842338.62
258980537800681.66, 195778049936778.62
263578615089134.9, 259709009158926.75
258771889045945.16, 192877029750730.75
261964219400164.3, 237262699868047.12
263277366339411.8, 255520492888738.3
270321808003117.62, 353465326020648
261955183621237.2, 237137067787964.2
260603868893286.75, 218348595705114.88
254911116057869.78, 139197436089605.88
262621520625206.03, 246401714977761.75
269697912302780.4, 344790776187113.2
273594928629089.03, 398974291647135
186343488519055.1, -814156308344298.2
271588191558292.94, 371072928143566.25
273462424763358.28, 397131978283224.75
260407856666748.97, 215623271863060.7
257971934535340.78, 181754585305212.25
266251879846959.2, 296877671080214.3
269870606519281, 347191890004996.5
269929550332272.8, 348011435712555.7
256769323912622.38, 165033672223954.38
272913689197598.03, 389502443397750.56
268552528324574.72, 328865533567061
254444849880636.62, 132714542894614.06
271096007180938.22, 364229672281499.7
271010578326593.1, 363041882633585.75
265787732263098.25, 290424234481532.44
273728576523084.1, 400832511404027.94
272925819985461.8, 389671108005933.5
250659694795077.47, 80086328916551.12
256256696181142.47, 157906175111262.62
263019798505509.47, 251939309351980.75
268483459212137.5, 327905207253751.25
272014704389296.9, 377003096928486.9
277494338624456.47, 453191088313493.8
275422377799394.66, 424382863765038.25
272903173851994.66, 389356239650226.7
265687166095218.88, 289025977955055.75
268225902518552.34, 324324178610249.94
268577967924547.97, 329219241851304.5
264669867543240.72, 274881615395821
270560746390783.72, 356787488603005.4
277725717336297, 456408142326199.7
263090655401133.66, 252924492727678.56
273885021491258.75, 403007698173071.7
270478891276226.84, 355649387683301.1
256766652763827.47, 164996532982056
264599739175049.72, 273906561353473.06
262124464109098.25, 239490717648032.44
255819410380185.44, 151826220609494.7
269897813096467.03, 347570166068563.75
268300066386572.66, 325355341621378.5
263341068634009.25, 256406199792468.06
271868105558003.2, 374964809331845.3
257221145514000.16, 171315730258495.44
268483969931073.88, 327912308211270.5
260047325862277.47, 210610507023966.56
262483081718767.78, 244476881720937.62
269238697697291.5, 338405926960796.25
257205023493513.78, 171091572165963.75
247148114286732.38, 31261853771676.125
264299684902588.94, 269734652911374.12
260387020398343.1, 215333567592725.12
273697452251490.94, 400399764320146.1
263950034702871.44, 264873170326840.44
267247545120046.2, 310721247857943.2
263516686204649.75, 258847959476565.8
260026235483392.1, 210317269640618
274484054338975.47, 411336558728825.3
254277384353033.38, 130386127962745.88
253398138026664.06, 118161222309572.44
259091468794844.16, 197320417413307.25
264934579601134.47, 278562131123843.7
259793709532736.66, 207084264595928
274042381156650.06, 405195602751493.25
273471623659568.34, 397259878320914.75
272046523579686.7, 377445506056406.3
268485991605755.38, 327940417265015.1
258983132802071.84, 195814130436876.88
265512522993037.97, 286597767130502
264236689320663.3, 268858772031908.2
264168798739606.25, 267914831837595.56
265645987673261.66, 288453439511304.44
261238465063378.5, 227171923223890.56
257528099299163.9, 175583568463753
262642711111602.94, 246696344240549.56
275464527635145.94, 424968908596733.94
253252801263923.62, 116140482319931.38
267833159026895.16, 318863533524324
250867787575219.5, 82979618917372.12
261754970221737.25, 234353331483378.56
269484282213914.66, 341820496297691.3
254705586453988.06, 136339784097173.44
273086111433367.78, 391899775637395.4
257258285296938.22, 171832116086653.56
265839379329982.97, 291142327353795
268723414724577.9, 331241511782490
265581053447304.1, 287550604023471.4
275185586689290.8, 421090556599555.94
266675635877415.25, 302769509734440
263637508660778.34, 260527856318507.56
266583707393558.6, 301491350237740.7
270276718617892.1, 352838410145300.7
261294636864960.44, 227952927311270.12
259882361270924.4, 208316864724961.44
268258122605670.56, 324772161744605.1
265338342667325.38, 284175990678767.25
256278709486045.78, 158212244715976
271544432389654.6, 370464507394998.5
253407022344009.38, 118284748491123.69
263054157142463.38, 252417026554243.7
271831268896477.28, 374452638057167.8
266494678747142.06, 300253509634680.06
263426838343616.84, 257598728639512.12
256876312021003.44, 166521218423175.7
257124025146599.56, 169965383611752.62
268451914360072.9, 327466612483699.3
243797410893380.5, -15325810716658.625
268941385293101.66, 334272141033310.56
259006863750283.97, 196144081889903.06
268198641112609.94, 323945140216089.1
251605399497705.34, 93235261608858
268811176848551.12, 332461742852348.4
272419696832532.94, 382634049552710.9
253752013486586.25, 123081452261952.12
257099406285478.38, 169623086754240.7
250677724908079.34, 80337016833865.69
270063019995213, 349867177372281.75
265540401880495.56, 286985390892652.75
182369678111511.56, -869407556895336.5
270266102952082.75, 352690811561066.94
271569084635532.28, 370807268429028.7
267320017446451.6, 311728891934695.25
267085459112854.28, 308467628950255.75
251346354975835.2, 89633546429778.69
261704442178393.8, 233650797342276.5
249737276890647, 67261172283796.75
257525745714296.84, 175550844581851.38
270655316574660.34, 358102377890366.94
257696285301017.25, 177922000758752.38
249925280748604.16, 69875149001162.625
260240417166251.28, 213295218808064
270578992301764.94, 357041176942225
268705325205503.2, 330989997892278
256488150330767.22, 161124277999314.44
262778233993120.53, 248580633535496.06
261038747189954.06, 224395076637623.88
264474497427661.4, 272165219365747.06
246045501224035.6, 15931291380719
257548204646498.62, 175863110119964.56
251018222011424.34, 85071236174604.88
254991512908547.53, 140315261532683
263337372650981.94, 256354811413069.06
264702790743077.66, 275339374501246.12
271653182171386.88, 371976547629468.5
251703769045352.34, 94602976665565.31
258074745387344.22, 183184051574413.94
265822966105846.75, 290914120410516.4
269586577671192.66, 343242796597922
250031576389471.03, 71353067238600.12
264905790584324.8, 278161853063201.78
262726030484675.34, 247854803985383.2
258338968484546.44, 186857768868206.3
259545742717465.22, 203636572145134.7
248701135539634.78, 52854822345684.625
265149002520752.03, 281543434410064.8
264353801795610.34, 270487085866267.88
262969089495066.62, 251234259072169.62
264746197438247.78, 275942894512938.44
265464446216524.16, 285929315026281.06
271857960230812.9, 374823750263411.25
268306957131003.3, 325451149471827.8
266167932379810.6, 295710478411975.25
262092798145779.47, 239050438965734.75
259960041488722.16, 209396918522418.7
266274508850014.56, 297192301257311.1
269323747352598.84, 339588444283627.25
266600702447623.44, 301727646854834.56
273841521468001.28, 402402880542011.1
259616665997672.03, 204622678521856.38
268636600175809.84, 330034455652503.25
255452135160939.1, 146719682464973.38
252428917540563.62, 104685329781676
264815850949884.97, 276911346222817
268958729601626.9, 334513293630690.5
269951273799264.3, 348313475455533.6
262749519604969.53, 248181393100242.75
264715157221281.1, 275511316111651.56
268524799476860.62, 328479995934420.9
258513993862176.1, 189291294791787.88
255601803986982.12, 148800654796302.44
266079749876487.34, 294484402452307.75
270936880750151.2, 362017202868826.1
260849031622655.44, 221757300576914.12
262344746318819.84, 242553487602430.75
259213073935274.88, 199011196577372.88
267314276369251.9, 311649068880553.5
264348711851253.66, 270416316063000.88
263402273371162.94, 257257181041739.56
264382863042158.28, 270891148967309.44
244788919013513.25, -1540034354043.625
269356787826474.44, 340047833949243.6
269923856357205.97, 347932267559222.5
256967152860639.44, 167784255481960.88
269046333569618.8, 335731325724116.44
263005503472239.53, 251740553408631.44
253460665881504.72, 119030599983607
259377386824176.8, 201295777705759.38
265501539365534.38, 286445052463480.9
269858161798609.38, 347018860523350.56
255803244998582.56, 151601459630670.06
165528825068243.25, -1103560186708470.5
270139436749350.84, 350929664165390.6
264464882891203.62, 272031540329997.56
266016610120783.5, 293606517002810
269063344921933.62, 335967848949570.44
263356729421597.53, 256623944973743.62
268448304647498.1, 327416423595399.5
260471977764052.6, 216514801735186.12
260974871245172.47, 223506955328448.94
399391610342081.25, 94719975109737.12
279992280505709.4, 149827358111139.5
312209729677788, 134957766185564.77
267158367352585.44, 155750702643350.56
271098006894268.5, 153932407470266.06
291949973075140.06, 144308423079094.6
314082037694253.6, 134093624024119.1
282342490840307.44, 148742645649017.34
269735895864814.4, 154561074099244.88
295475321914021.6, 142681338999610.78
285780533596310.5, 147155856684708.22
432667327839461.06, 79361951649407.97
279380120246185.94, 150109893615534.94
313845864341153.3, 134202627110165.39
277253718025726.06, 151091310024977.97
267422784711812.8, 155628663862168.7
340262298732198.94, 122010426621990.5
1108898739902030.6, -232744853917931.88
464815801750435.56, 64524194459727.42
278690027148623.9, 150428398122102.03
428560818920683, 81257263458074.77
272703600345344, 153191364339000.47
1037516138412218.4, -199799037845710.75
409052618905105.8, 90261048080648.86
281484339513070.44, 149138715492357.5
269462015071722.94, 154687480619133.25
333840247472793.06, 124974450280177.81
456791403182773.94, 68227763029417.42
291260278619795.1, 144626743596946.1
275266832313061.03, 152008334200054.12
289589618107443.9, 145397817679569.75
293663006020416.44, 143517792488967.03
288496907898014, 145902145468537.38
642362220708564.5, -17420306597870.531
3037411984438878, -1122827889858015.2
288770548165111.56, 145775849960646.2
268379816487454.25, 155186956888795.72
273304961769950.53, 152913812912259
321414229659440.8, 130709535424801.94
1394725156190709.2, -364664738358860.44
268495315520647.53, 155133649642706.53
303955971115239.4, 138767193214433.38
355237488849673.5, 115098800413925.31
566006339905210.9, 17820869157523.438
290237050821688.5, 145099002580687.62
274065540767799.12, 152562776451713.47
275515792774252.7, 151893429371811.84
380691471366917.6, 103350808482889.56
267002224266427.22, 155822768683115.9
446474194335468.7, 72989551728173.69
272266955454578.94, 153392892750122.8
1003085346799846.8, -183907903255385.44
315410408271626.8, 133480529911485.31
288545332363282, 145879795715336.78
277439436909593.6, 151005593617039.12
268600116993482.16, 155085279732167.47
857843260614900.2, -116873094246948.56
303848755107221.4, 138816677525826.28
267295013952398.47, 155687634981898.4
297604587850913.6, 141698600874891.4
300768830750477.5, 140238181075092.69
293362482831305.2, 143656495499326.06
313998585381228.5, 134132140476284.53
300321474018789.3, 140444653412794.94
1291145716353130.2, -316858843049208.6
276454861942953.8, 151460012832411.3
282380636827493, 148725039808777.84
267779778991457.7, 155463897271563.38
297945374319418.75, 141541314812504.44
290996705868417, 144748392559120.62
281607896773859.56, 149081689064300.97
413526546701603.6, 88196158328419.1
299855331514545.94, 140659796107061.11
294112853635643.2, 143310170512708.53
281924089252994.7, 148935754073930.9
314181344945579, 134047789908122.77
274972795977005.94, 152144043278233.4
279138147711745.47, 150221573246815.16
405277032361085.06, 92003626485581.5
290431379004987, 145009312649934.47
272346746430343.28, 153356066145923.88
278452066595310.88, 150538226069784.97
264358291938050.34, 157043045142366.75
292334574305332, 144130914819006
294203386570049.75, 143268386081443.97
343123593432379.44, 120689829068061.03
316398857840996.7, 133024322417930
282976491223756.06, 148450030087425.66
266147566959205.34, 156217225901833.7
293233659426648.06, 143715952455321.66
400819758032206.2, 94060830021987.14
513925740251604.56, 41858068997649.42
274512577634624.3, 152356451743948
290308832442791.5, 145065872601717
291615329168279.25, 144462874113030.34
5760117137646030, -2379461037492085.5
354523489925537.25, 115428338378911.27
271845991915010.28, 153587183614539.1
314659690894010.6, 133827014855000.48
285086965472930.4, 147475965049345.22
296164136935876, 142363424374139.53
272251848348632.62, 153399865260559.56
268272540747593.56, 155236468768731.44
247137744017383.7, 265915246328096
258461481680151.22, 260630835418804.5
244270299570065.78, 267253387070177.7
262010921089159.03, 258974430361267.5
233976117509722.1, 272057338698338.1
275189304124874.47, 252824518277933.66
240134833488181.4, 269183271241723.75
287488821269113.94, 247084743610621.9
287458015566340.75, 247099119605249.38
216197239685983.88, 280354148349415.94
278678995050426.3, 251195995846009.47
270795713796965.56, 254874860430957.8
289332840319464.6, 246224201387124.9
249677488788581.1, 264730032101537.22
278052189260769.16, 251488505214516.12
261534677772746.03, 259196677242260.25
262300598238885.16, 258839247691395.3
287334771072958.56, 247156633702161.06
272017408144289.94, 254304736402206.44
268261931423074.16, 256057292205440.47
291841786289932.56, 245053359934239.88
289701088722897.06, 246052352132189.78
272750370403858.03, 253962687347741.3
275756024464677.38, 252560048786025.62
256077719651481.4, 261743257698850.4
195018866852121.7, 290237389005218.25
284664632337620.06, 248402698445319.03
284636441989668, 248415853941030
207812439642912.4, 284267055036182.6
239365422174543.3, 269542329854754.84
206277455461454.75, 284983380987529.5
298720187674632.9, 241843439288046.4
280711666212012.8, 250247415970602.4
225959278442379.1, 275798530263098.16
255149030156599.9, 262176646129795.12
272297702031120.56, 254173932588352.12
251388975035809.16, 263931338519497.47
270241226997557.84, 255133620937348.06
229821230072699.5, 273996286168948.62
294620778196078.56, 243756497044705.06
281122492400335.94, 250055697082718.28
285787558582956.7, 247878666197495.28
104683691678090.89, 332393804086432.7
270425354065078.84, 255047694972504.94
285754835575426.56, 247893936934342.66
271242806814283.25, 254666217022876.22
302182734293279.44, 240227584199344.66
267400466499287.38, 256459309169874.28
291343751606457.06, 245285776119861.78
299622066432377.25, 241422562534432.34
280112900031231.53, 250526840188300.34
211709734670862.3, 282448317356472.6
264759577925325.4, 257691723837723.22
273719544632558.56, 253510406041014.4
307849162076976.25, 237583251233619.47
258005370795384.28, 260843687165029.06
309226396368279, 236940541897678.2
-2574495274227091.5, 1582677321508851
238224616193223.1, 270074705979370.97
259123407808737.4, 260321936558797.62
218163181888037.4, 279436708655124.28
262796411826491.3, 258607868017179.12
283213040616935.9, 249080107914971.66
313684222680296.5, 234860222952070.03
277225326101514.06, 251874374688835.2
249177353066354.28, 264963428771909.75
191306491205120.25, 291969830973818.94
252210887611159.3, 263547779317667.38
297244763234677.9, 242531970693358.72
178720042157299.9, 297843507196135.1
283277981977979.75, 249049801946484.53
273168117098340, 253767738890316.4
291655066105037.44, 245140496020524.25
258915592585324.88, 260418916996390.12
167087634259539.2, 303271964215090.1
306405019104220.5, 238257184620905.5
279041511121070.66, 251026821679708.75
173236167952951.66, 300402648491497.6
277100644000511, 251932559669303.25
283543085208414.1, 248926087105615.16
282315349620627.06, 249499030379915.78
290137228319512.06, 245848820320436.1
226465186786266.1, 275562439702617.56
277364113872729.22, 251809607062268.1
286816298640026.06, 247398587504196.25
311158395623745.56, 236038942245127.12
-110656657685362, 432885967122710.6
236057823144732.53, 271085876068666.56
-823066171140852.1, 765343740068606
253220323938734.38, 263076709031465.7
299201887291408.7, 241618646133551
260836907663648.62, 259522303293172.38
231912719276029.12, 273020257874061.47
263159689819360.97, 258438338287173.28
270242846202098.3, 255132865308562.53
279601827913085.75, 250765340510101.72
161831476332253.9, 305724837914489.9
286109893055779.06, 247728243443511.5
288526338398035.44, 246600568950458.53
255033045740744.62, 262230772190527.56
258750114505167.06, 260496140100463.78
276196406209529.22, 252354537305094.75
244585015616450.03, 267106519581865.06
307436818306730.5, 237775678326400.84
234232956556688.16, 271937480476420.6
305983479511065.25, 238453903097711.28
-76943552462016.98, 417153184685149.6
302781532546138.75, 239948145014676.97
258672046620838.34, 260532571779817.2
250224515540687.06, 264474752950554.44
306062135195098.1, 238417197111829.28
281301156667282.47, 249972320424809.9
269431571731106.03, 255511460061692.25
305824279283752.56, 238528196537123.88
260443091724514.72, 259706084064768.2
268534385854841.75, 255930146803948.9
302772475402393.2, 239952371681758.25
-308105734621114.44, 525028869692728.5
250502908910767.7, 264344836044516.8
298971316299339.4, 241726245929850.03
306341201104310.06, 238286966354197.03
240576553670662.84, 268977135156565.75
279997109078917.94, 250580875966046.7
228439719633876.22, 274640991040399.5
273084623341557.78, 253806702643481.44
217645099329582.5, 279678480515736.56
270928587783326.94, 254812852570655.8
291242746397100.8, 245332911884228.03
286363886859988.1, 247609713001547.28
298839914361924.75, 241787566833976.84
175184215557896.12, 299493559609190.2
298883831536064.9, 241767072152711.47
231039720372330.56, 273427657362454.12
248708137115289, 265182396215740.2
287136914370244.44, 247248966830094.34
275532614311611, 252664306857456.6
304190026527935.3, 239290847823171.9
205396592615353.38, 285394450315710.1
283729494165765.7, 248839096258851.1
261444468145063.7, 259238775068512
249868042430700.84, 264641107068548
283719386912587.4, 248843812977000.97
234416666336304.53, 271851749245932.94
278526963836867.44, 251266943745670.25
-1346236510994858, 1009489898667142.1
278621846083659.3, 251222665363834.06
272996623625355.16, 253847769177709.3
151432748196245, 310577577711294.06
298239250752427.1, 242067876518409.06
258686277487980.6, 260525930708484.12
265104089989336.72, 257530951541184.6
249140244785280.25, 264980745969744.28
288103660790493.8, 246797818500644.62
192185451796929.56, 291559649364307.94
277543356093257, 251725960692688.47
277188666105484.28, 251891482686982.4
250090074698295.34, 264537492010337.25
172478300462556.72, 300756319987015.25
204188951721849.03, 285958016066012.2
-1870830275335277.8, 1254300322026004.5
280483782934990, 250353761499879.72
220521617197498.06, 278336105510709.3
291018860510088.94, 245437391964833.56
273017358086816.62, 253838093095693.97
197538594756722.97, 289061515983071
291267112233934.25, 245321541160372.4
266881665922657.7, 256701416105634.8
218471267351561.5, 279292935438813.03
294238559426637.56, 329501356033012.2
293513173518254.8, 331120967673280.6
330918036242799.8, 247604937969339.6
310874787038878.4, 292356675416026.25
306561997197176.3, 301986094114309.3
268984266844886.8, 385888095504335
276328252786539.25, 369490747582886.9
352447507045802.2, 199534826435049.78
303853075676433.75, 308034461992519
351150276985049.3, 202431228036213.56
275811881044150.84, 370643681042185.1
266776542751253.9, 390817410506498.1
302969311276770.9, 310007694574524.9
356343325192132.25, 190836404884192.2
282617161845224.4, 355449131667374.4
267920773371017.5, 388262619726163.9
275306922067413.2, 371771132550590.75
295056060518467.6, 327676073422805.44
347855405270027.1, 209787881261995.88
311032680644704.25, 292004137106466.75
395363950456127.44, 103712767441306.38
294108196574082.44, 329792424815872.4
303792563277080.06, 308169571573834.56
324423589138259.75, 262105470728614.38
259827475773098.56, 406332999707724.25
349573981163583.1, 205950716120349.28
336007666451657.75, 236241022244389.56
266636922347977.72, 391129149165537.2
262439173881470.25, 400501708241618.5
314209504904073.4, 284911055354944.3
253467257519297.78, 420533831843365.7
273951791807335.5, 374796811320936.6
264738564666452.3, 395367723644115.5
267554259939152.9, 389080955750758.1
313256089248523.94, 287039802378972.8
305095791170304.44, 305259778260514.6
281026842499015.75, 358999930897271.25
440574765189689.25, 2767931096543.375
264260507826572.47, 396435109174536.9
297030551322563.1, 323267512058488.75
275137908427161.72, 372148499212876.4
260004271760326.62, 405938256943137.5
286778403048509.9, 346158084497969.7
284392806494346.94, 351484545769764.56
391244639755300.6, 112910193919876.56
385567581576626.1, 125585694508468.75
266974517843569.97, 390375379912447.6
272602524689421.03, 377809399110073.25
263090141740296.22, 399048254143032.94
314343771864035.25, 284611269642615.6
267864336808590.4, 388388628947445.06
261819210022487.7, 401885937892277.9
330850414729141.3, 247755920486904.7
280779506412281.9, 359552172677133.9
289306765081963.7, 340512862371551.25
291898679949014.44, 334725742108050
391117067634272.3, 113195031672862.19
281309767777708.62, 358368227042258.7
266407324804388.06, 391641785060276.2
321024500055650.6, 269694816180302
338801903495181.9, 230002165397210.7
289720072730928.6, 339590046155327.9
273404310418899.78, 376019205110633.6
369341600212555.06, 161814394278248.12
352754465993921.1, 198849461197439.4
317400217933537.8, 277786963332260.78
264905794905019.53, 394994338887314.5
263690002190373.88, 397708910551911.3
308604338772543.75, 297426038355514.75
271797337597658.28, 379607187530474.56
352146833834873.7, 200206157138760.88
377971070477820.7, 142546870151491.25
333969706194806.94, 240791295576496.1
305595997883319, 304142937409904.5
294788028933231.7, 328274523255358.06
317781274665039.5, 276936155630028.56
371605745235597.06, 156759104959559.53
276790814448582.75, 368457959044358.75
326517796448528.94, 257429611303099.56
329438181899601.6, 250909095511480.38
335577819969335.2, 237200765683368.38
299284065196576.25, 318235959529442.2
302523887367361, 311002218648121.06
460457871588080.4, -41626246120554.125
270961510990270.3, 381473386593521.8
312465876819658.1, 288804155991699.06
272566765155363.22, 377889241518012.7
349463615226957.1, 206197136616781.44
322492376525704.3, 266417402337682.12
499237071885352.5, -128210839887739.25
355841078841575.94, 191957799753106.7
304112595499160.75, 307455016871085.44
347327322888919.8, 210966961750847.53
371448599315912.3, 157109973866441.88
266872879138056.9, 390602314608377.6
329800794153231.56, 250099469876220.4
296982524296043, 323374744815977.6
263325709324397.94, 398522288588874.8
366323296922174.06, 168553536969702.25
319147814840784.56, 273885001272115.03
409969107292531.8, 71102977608300.06
263574036036699.34, 397967834981236.3
328432679591529.06, 253154139457952.72
496493825931704.9, -122085833836060.5
304790956572313.56, 305940400337063.2
277856020992654.28, 366079609950268
304532944135334.4, 306516479829973.6
256105068683534.28, 414644236226665.2
297016580306492.8, 323298705965059.5
349576568054665.5, 205944940216984.3
278084791730268.84, 365568820113697.5
334409479357641.5, 239809388256029.28
292906792119932, 332474870967811.7
306330901209092.6, 302502075673909.94
272743874878130.75, 377493798257695.5
314792980560835.1, 283608295052346.94
272895169884756.4, 377155993027384.75
314082789160983.94, 285193981022704.4
343278050736536.25, 220008009056600.47
341770754040996.94, 223373438747502.9
266889646457081.97, 390564877232278.56
327882771825392.25, 254381950763378.9
259708100982350.72, 406599534800859.56
450864007334762.7, -20205463003232.75
355126063759374.25, 193554255841815.62
302494220018627.2, 311068458676759.5
252885874905286.28, 421831918886718.94
338976578426973.06, 229612158437435.53
306398444753052.2, 302351267243862.3
330961913875565.8, 247506969806525.88
290103719559150.06, 338733455392316.2
288769690556923.44, 341712020147287.7
267457006800274.16, 389298098534978.75
277081253473042.22, 367809478808712.1
263299306995481.47, 398581238616369.3
289773099221824.4, 339471650800655.44
305630060738534, 304066883276277.9
287144453942050.1, 345340781209806.56
351635441756359.56, 201347972210615.66
334237664417740.4, 240193009544256.78
339649374569869.1, 228109967049417.6
275886328567949.78, 370477457691634.06
334229912473661.75, 240210317764225.44
282855163649333.25, 354917731087510.6
398512774455903.8, 96682203510771.19
302864654283641.8, 310241368378149.25
309125436986501.94, 296262551826073.6
296124053679633.3, 325291502485375.1
316952173380953.7, 278787338669496.03
301555223930737.4, 313165010286789.4
318760533238069.56, 274749707609211.44
395578708432052.1, 103233264719198.62
316652377910726.06, 279456709590090.47
253010436064162.2, 421553803885435.7
267288199367255, 389675004786288.75
318274816604339, 275834195610385.72
278203845404717.94, 365303001995746.5
293476494816751.4, 331202862360258.1
315063338603040.75, 283004650802939.56
316872016455227.6, 278966309736418.88
333307685068950.56, 242269428952330.6
746035712453198.5, -679252632190085.1
338355421270278.94, 230999052433847.4
334237837998611.5, 240192621980070.38
310214071342924.8, 293831894081991.5
273401158554286.38, 376026242463520.44
299813863897752, 317053046912161.9
840686106465653.6, -890584115373066.8
352159923853916.2, 200176930285898.72
265453539227979.97, 393771358028290.8
311683963939070.75, 290549978716458.8
326774468385379.9, 256856524823406.53
287907377420289.3, 343637357236841.5
341771658538070.06, 223371419223865.47
352190251981027.6, 200109214898641.28
304086130491557.75, 307514106844957.6
280640420377218.9, 359862718220938.3
394638469102122.7, 105332592188610.06
278180639119253.78, 365354816029670.8
370185330336289.9, 159930548570943.7
305157873987410.4, 305121162315424.6
291911496845343.2, 334697125072281.5
283534754186077.44, 353400369458055.94
352420981052311.75, 199594052575687.94
391884753275970.25, 111480974938381.5
295966808870141.9, 325642592189325.9
322348002429003, 266739754846696.28
312186760979511.9, 289427354289956.6
285088104705017.94, 349932112695938.75
266660257231305.66, 391077048003623.94
335908245227041.6, 236463005840730.72
361953517616411.9, 178310199385154.03
338672246092803.25, 230291659080107.78
263330622406144.94, 398511318863250.06
281531542817807.94, 357873056909623.2
278900490801476.7, 363747560980569.7
305741144030665.8, 303818861098156
309036198677784.06, 296461799429159.25
326259456304099.56, 258006422487644.44
288880860073506, 341463805450780.1
339487624168846.6, 228471116651700.6
292654136457728.75, 329913126974084.56
1234205275285325, 85216220838099.1
271272666564372.75, 335469893161058.44
271922344478682.25, 335301050313271.8
265580695867282.44, 336949162381771.2
271336144014678.84, 335453396196572.1
264671684973507.9, 337185402501057.2
267803558944907.56, 336371469152557.9
633546058153721.2, 241319746194335.12
480844264968722.8, 281004957982526.78
268390760675967.22, 336218863052960.44
306457985311853.7, 326325686028944.75
275010115815147.47, 334498578666506.8
271842311888247.84, 335321849743554.2
252478777254469.25, 340354180778321.5
295756453004702.44, 329106875216114
346263588323107.2, 315980727054268.7
294087555201384.2, 329540600068953.75
313433539196055.4, 324512830217231.3
486432674404125.75, 279552602988015.28
274036516788808.72, 334751604402165.5
501754259149785.8, 275570722206657.3
353360386590795.4, 314136361402779.1
271720165635573.3, 335353593967413.1
274544814788351.78, 334619504357086.5
261028850130112.28, 338132127940583.75
235109231251858.7, 344868300078435
336541995154840.56, 318507242792914.25
350126237819641.7, 314976874642739.94
265822037227386.03, 336886440898354.44
260176211333481.97, 338353717684340.8
265766987453113.7, 336900747619351.75
298193986592584.75, 328473391910788.6
258156415886054.84, 338878636275197.56
278571679761490.8, 333572974477061.6
281729473114525.75, 332752305018080.8
406065491884834.7, 300438989405458.1
311007841980524.06, 325143237403188.6
282054021705149.44, 332667959056675.8
268281963298517.72, 336247138077608.3
246440508907229.72, 341923448258395.06
247798712170873.34, 341570468879143
331357771736931.06, 319854555093613.9
257503877260481.4, 339048222584668.6
278391010205555.88, 333619928146965.6
263681571108218.97, 337442720228759.44
277215773850683.44, 333925356804164.1
291329964312624.2, 330257262107840.56
218631041932579.6, 349150767359151.56
257228713932168.12, 339119733958128.56
410781536265148.1, 299213350752947.3
289338869514392, 330774721772917.9
272675563988055.66, 335105298350383.8
276386832877388.03, 334140787791574.25
272081674421757.6, 335259642531455.6
271168681360059.03, 335496917564439.4
239361536063406, 343763181313852.06
260561049395800.78, 338253703272664.7
332908376944863.44, 319451572949179.5
272474925185500.88, 335157441767996.9
554625632430686.9, 261830139320095.44
264413540075126.4, 337252491005721.3
235010483950453.75, 344893963218913.06
270295734872339.53, 335723785013225.25
7400498001032900, -1517323131616073
363291812774965, 311555312789944.06
348756490652305.7, 315332854132556.1
324224373388074.44, 321708432630604.9
295996201933167.56, 329044567584987.5
396077232478007.44, 303034808234351.1
278668897529059.66, 333547708842552.25
358067237961070.1, 312913111894120.1
364062540994122.2, 311355010540897.56
302329735562207.4, 327398564494954.5
438993331220661.1, 291881471837955.25
263949398883314.84, 337373115270259.94
323363267258011.7, 321932222924293.5
234146038171869.25, 345118621443855.94
266859149421238.5, 336616908915771.3
640280463301455.6, 239569561805658.38
329953110072792.56, 320219608407457.8
1930166839811730.8, -95655146213961.12
236044758810314.38, 344625168622565.1
364708091559637.3, 311187240337430.4
270121268502549.88, 335769126555656.5
309113222841095.6, 325635624298181.3
257648148553355.03, 339010728350362.5
248138505257072.1, 341482161071430.4
279445031096368.28, 333346001813760.2
309072218914691.3, 325646280685834.4
302868855365392.25, 327258454263618.4
272619591066222.03, 335119844985436.56
273074652698661.4, 335001580380395.9
288316530825905.44, 331040414313428.5
340076963322038.75, 317588550500874.06
265815147220771.28, 336888231521542.44
328524876577610.3, 320590787733889.4
234124231349770.72, 345124288753553.9
257861356036876.94, 338955318495887.9
235708828956920.47, 344712472426272
447036550508423.7, 289791143661474.56
268234207536792.44, 336259549179525.6
268703234554504.22, 336137655152323.7
257081569653711.47, 339157974844055.1
452869936690653.3, 288275122393776.5
259089983819834.62, 338636014100316.94
397432851955136.44, 302682500347639.6
314524566183736.5, 324229286480319.8
362555242423083.4, 311746737853144.94
284645026236794, 331994590647321.9
263946969034358.22, 337373746756429.44
263422913085842.2, 337509942087682.2
288453589169400.94, 331004794630938.1
680902949190866.4, 229012305585811.5
280473842154456.38, 333078627188494.3
434060662766373.1, 293163408272403
559650152059304, 260524331958985.9
439205994067029, 291826203527599.75
262096498614386.84, 337854659972919.2
407708275606737.75, 300012051263042.7
253894356119991.1, 339986290225700
345857574104389.56, 316086244873822.44
298198443541933.1, 328472233607568.2
328248246465311.1, 320662680305447.3
305826029343101.8, 326489923173366.1
334571151730844.44, 319019439388981.06
251835130606154.12, 340521456178448.56
330889018181004.3, 319976378051651.4
260406787209754, 338293794010281.4
228263585829479.66, 346647394368996.75
332196504461851.6, 319636579357193.9
266985512157411.28, 336584068882641.6
293235595755535.8, 329762013258270.3
370382344688336.06, 309712575682514.3
252430449865929.28, 340366740438620
1086099261067036.6, 123707049392004.56
358455621420620.94, 312812176079773.6
217426086682729.5, 349463919570977
233838836617305.25, 345198459136002.56
312114435304625.56, 324855648177715.9
247729252715222.5, 341588520489086.2
269586631096411.75, 335908071870246.06
3191061020471971.5, -423345159266905
274974052130076.75, 334507951149632.56
423466722207465.44, 295916635762288.56
446181066972037.1, 290013472716128.7
310268978956294.75, 325335258302140.9
275764330209086, 334302568146048.2
267962362610820.53, 336330198143337.56
264587967426371.72, 337207159603702.75
326873355104076.5, 321019996704412.25
291484025335573.8, 330217223649898.8
272537016539459.25, 335141305031939.94
258540264505498.4, 338778879006867.56
286030890168731.5, 331634422619812.7
297666047877719.56, 328610596322561.5
264763224301290.8, 337161612619260.5
270858403467830.2, 335577554756770.06
408666795340623.56, 299762944439546.94
268949595658263.28, 336073629102759.2
527644251203373.2, 268842249695555.5
478806124081530.25, 281534644314791.5
260459786373937.56, 338280020216199.8
261337476842652.44, 338051919868398.2
311111783462582.7, 325116224362653.6
229545687253187.7, 346314192869050.06
398516858061157.9, 302400781246639.7
269043406018450.56, 336049249009151.2
550384879274624.1, 262932255959524.2
277723800801342.75, 333793327201167.94
245089155963455.8, 263034849030794.72
239476940256371.25, 255143847751370.44
223479751375041.06, 232651156002117.56
139404464723768.83, 114437917388416
285544683202474.4, 319916949410488.6
272890344089043.78, 302124439046302.6
230529947401538, 242564015515883.44
274771072408895.66, 304768818798040.6
181895879379162.06, 174182557457576.3
283771216155136.7, 317423383327151.4
89053795282906.53, 43642848610827.75
328608416297465.94, 380466292252104.25
234293193952763.56, 247855291707036.16
269538121255265.34, 297411078753171.25
-413941022073297.9, -663588119416855.5
313487500292080.3, 359205675452585.56
-15466568959411.03, -103316992387598.5
253205673274091.03, 274446999209171.1
274168280794126.8, 303921269514187.9
303872182904883.4, 345686152012197.9
189460906581255.06, 184819290335687
223160445797454.78, 232202199502088.6
215350716815547.47, 221221406067796.06
294308787394171.8, 332239632820962.5
278849781529818.78, 310503648065378.9
233798049448427.72, 247159098595235.1
203705094047287.03, 204847191504369.5
200027886328073.8, 199676889375677.12
274981057418315.28, 305064066177056.9
257271652057738.16, 280163929109668.22
269685761258289.94, 297618666542658.8
226591068446554.34, 237025793092601.06
206777483081868.1, 209167094207354.25
276206425728165, 306786983364395.9
301201605674096.56, 341931212885688.94
154258054133932.72, 135322662230223.69
282995259308724.2, 316332356754511
267159601790813.25, 294066784606844.25
318783892661932.44, 366652616402142.75
301146177936798.06, 341853279255057.8
279394296082039.22, 311269257452561.3
248122255440566.78, 267299509033846.72
269230480557776.75, 296978523544286.25
216038083832872.62, 222187871773363.97
264230590032616.3, 289948476128037.2
275876876979877.38, 306323624553884.1
274925006375853.66, 304985256154266.9
307079696972946.6, 350196045953535.1
290988011218278.75, 327570487795126.3
258827749470903.34, 282351864734219.25
316580930376196.25, 363555162718506.94
231367344042133.94, 243741428913231.4
289084575860823.2, 324894181034140.1
272067511662848.2, 300967503520880
281756744149300.5, 314590954567267.6
190384631751676.28, 186118085122285.88
269860142396851.44, 297863853445535.5
257911730013843.84, 281063904490904.06
236512595967919.34, 250975860312238.4
274450642985243.4, 304318282125187.4
129937140730758.1, 101126478619719.75
277960934961062.62, 309253893997228.44
198730820160768.56, 197853162113593.5
272976627693120.62, 302245757268142.25
277126538771328.25, 308080699354615.4
199305591183475.38, 198661313316661.12
253984223826621.62, 275541672637058.06
279741124458911.1, 311756912116686.5
253429716655681.6, 274762013225568.56
242530989485002.94, 259437963948674.72
311951176960600.3, 357045542983155.6
210654901368464.06, 214618900455957.3
288753064105077.4, 324428062156094.9
235459872049632.06, 249495688091559.3
220939204351931.7, 229079044583718.88
279834150598281.7, 311887710614660.6
312389156247199.6, 357661359496864.06
242143461497901, 258893083993655.56
230828883105612.16, 242984331153491.06
322514196150645, 371897573320835.9
254156471229144.88, 275783859421142.75
354673205671213.56, 417114435700427.25
273235494609742.47, 302609734577083.6
191797243626490.1, 188104274301973.8
262584936322104.97, 287634620743123.56
257421328977979.97, 280374380886786.72
254347511545316.53, 276052469798578.75
261824828959355.8, 286565879182748.06
224501086605051.25, 234087194463105.06
254580476168549.88, 276380027439970.6
286893426520069.5, 321813336826838.75
240971504292779.1, 257245264970346.56
273563225286712.4, 303070537106111.9
300664259298224.94, 341175682243104.3
265130121196469.28, 291213253167145.9
285319096235530.2, 319599765050926.1
264625810339311.3, 290504171794162
280445002405135.44, 312746592853156.4
318811870195599.56, 366691953941090.8
279539496969017.38, 311473415746668.2
249632478290553.8, 269422943175271.44
264606869762853.44, 290477540580954.5
277266636659903.47, 308277682627477.8
214772811178084.4, 220408847470155.06
222350531915795.6, 231063427970493.94
294924550425010.8, 333105420438148.9
257694784702845.53, 280758870647587.66
195037611660720.97, 192660362242721.25
255777531657194.66, 278063135660581.88
255272643097921.66, 277353242015161.12
206790751981819.44, 209185750815003.97
270629163674119.44, 298945128328674.1
256563715827310.78, 279168542262188.1
113181390905705.39, 77567219637514.75
269207575034748.2, 296946317456538
273021758995630.03, 302309213696838.4
224883001377546.4, 234624182012351.62
278441142698880.12, 309929085413824.25
286483728234617.8, 321237284539576.2
342850359639568, 400491038092173.94
296428323805916.4, 335219786366334.9
270598591408066, 298902142491505
260374560916869.4, 284526743914956.75
287056996061541.7, 322043322188841.6
278176878758584.72, 309557519672267.9
233524008672652.44, 246773786229296.03
221619291080339.4, 230035273909902.88
84032147771299.39, 36582209995514.375
177250263303667.3, 167650634183642.44
307416296801347.2, 350669318866621.9
285964211213343.3, 320506822687515.75
253668202133912.9, 275097333411403.84
243552192726632.06, 260873816828683.47
370758660365399.75, 439731232736883.7
354018091863302.7, 416193319306082.75
318628789644584.6, 366434535313992.6
384666357074600.56, 459286014351498.25
117770268568894.73, 84019366418979
250724820054649.6, 270958819682506.78
262342786770563.88, 287294148722668.1
375119232569279.6, 445862372849050.4
209259747455127.06, 212657257873111.03
251542730080990.9, 272108834115516.88
265382364130581.88, 291567916889941.75
370048980534183.75, 438733394316482.6
229928706671244.47, 241718646838054.6
293447322414553.6, 331028378369754.4
255179869509963.22, 277222798614642.38
214643790948604.47, 220227439832060.78
116180545666752.62, 81784152002879.81
234793055016514.78, 248558116491303.8
263541258876581.97, 288979248764351.25
255968395627252.06, 278331498088280.06
239303996541528.78, 254900681924125.5
250198912585756.72, 270219372603761.4
263355684038129.1, 288718323068674.25
275493049896586.3, 305783948218652.7
270104661733933.1, 298207657479888.6
247832461953677.44, 266892047721743.9
210461368746781.84, 214346785796612.2
267424513153932.66, 294439260650961.8
272081028466363.4, 300986508690923.2
271707612502091.12, 300461470808271.9
334122381136905.75, 388219148855209.25
134130208048708.84, 107022100117106.81
317041325865400, 364202497315743.06
330146236050739.56, 382628528750834.6
268429096240516.66, 295851744923709.1
280699260578852, 313104090083986
244933495580070.8, 262815984263552.06
242280761803507.97, 259086133752210.34
291269199604602.56, 327965849989319.9
189213785893367.97, 184471828697349.06
273000872084260.94, 302279845858369.75
266345636762096.56, 292922316999353.4
289258158081897.6, 325138244626858.9
232245719342911.1, 244976459956941.56
238582511948305.78, 253886245532983.1
158708312057512.97, 141579904075794.5
272063897356126.12, 300962421660086.2
322178181916173.75, 371425123776394.75
238083135663174.12, 253184102366975.84
245457487538771.7, 263552738057832.8
273340969178066.5, 302758036067445.3
247783374932354.12, 266823029393104.78
180723631623489.44, 172534329908493
262109991410396.53, 286966829071963.06
190075021532790.22, 185682760687006.5
323125604210535.4, 372757237673500.56
259300788735412.72, 283016976988680.44
266872661178210.25, 293663334550868.9
276209964444109.5, 306791958941512.5
240167130812251, 256114283465845.66
312339610761396.9, 357591696548705.1
206158130117602.97, 208296258999209.66
238218596563687, 253374565847898.3
242765794438727.06, 263452532001532.44
263190956022412.06, 259780592840420.53
230171697843485, 265716639254609.66
274963621414970.34, 257664158612544.88
238353269841832, 264245794850412.44
285577019090381.94, 255756132064156.28
289235634210344, 255098403503264.22
487028580154483.4, 219540121086340.28
404021555146401.7, 234462732323748.25
276824652247246.78, 257329591271910.9
270690535732394.9, 258432353791434.84
291156264646627.06, 254753121627078.5
410104694984810.3, 233369134150551.2
248818538403825.75, 262364398254997.84
277630244033530.22, 257184765782241.97
261931357617922.97, 260007037497407.34
263580814433620.56, 259710505935034.72
288003886450065.44, 255319841302864.88
274091624902903.56, 257820922030444.53
278042737049454.8, 257110609734435.3
289870481312773.6, 254984273687097.1
361061232914922.75, 242185936320418.6
277176109353271.53, 257266407971951.4
275682594853242.78, 257534904960720.62
256033904582244.72, 261067253773484.3
289574388359926, 255037503880867.47
287438680927067, 255421451284527.5
237355134850777.1, 264425234848804.34
294450110513286, 254160969561162.28
282083153991244.9, 256384242643776.44
254813816279582.2, 261286595490816.9
520679351439403.9, 213490544226129.88
359836286136918.3, 242406151471520.53
272780301607555.47, 258056665544214.97
253772491334710.97, 261473799975288.12
270159240364027, 258527867565523.47
227735046161078.44, 266154688995267.03
299228886286830.9, 253301863804120.53
331156496475914.8, 247562068713948.12
271453210327067, 258295243751943.25
292403342310627.8, 254528927889730.06
281931415504534.25, 256411521472848
278653586801972.84, 257000794048589.38
277739876169268.6, 257165056634244.06
352983322258875.75, 243638144977685.5
286090828007316, 255663761921786.12
271307911230072.84, 258321364937919.72
298558407388688.5, 253422399336370.84
267551204250998.03, 258996727990337.66
280748919715656.66, 256624104985455.22
304928761973992.4, 252277167051372.38
279446434833042.78, 256858259571093.66
266423323319890.72, 259199493101547.97
273652632498836.25, 257899842013198.2
442170150531454.2, 227604557872502.84
301149499068256.8, 252956585101841.7
258043022401457.12, 260706064053176.47
303049024645457.8, 252615097357625.78
336385735949837.44, 246621980718636.2
300212293284016.7, 253125071534963.53
240759643579277.97, 263813188335815.4
423146119196041.3, 231024608449655.72
259292551677851.97, 260481429576521.22
265220175689335.56, 259415789304793.84
282827293572468.9, 256250464741533.9
321857438541294.75, 249233809466239.38
327860380618442.25, 248154628868100.5
273279176518587.8, 257966980166950.72
278913809067006.88, 256954012517796.75
246623109997098.2, 262759082013510.66
564600895640723.9, 205594536279825.16
251933679314644, 261804372922715.9
300700466946613.44, 253037309977642.75
281896482034074.5, 256417801647312.7
478733451658789.7, 221031380141745.9
421681559235543.25, 231287900127947.5
270373717994930.1, 258489309789181.34
276977183894395.88, 257302169852198.72
5095686934687635, -608982729166810.5
258878391297230.03, 260555885375284.72
328612220841561.8, 248019466580798.1
311027332257427.5, 251180794865586.28
233886747550793.3, 265048765149925.03
278408024982764.7, 257044939993615.56
325540477903596.9, 248571690030319.88
353771405389157.56, 243496467111567.4
407602313914639.1, 233819000410357.25
275264419104575.56, 257610082623402.38
283190704365769.94, 256185132464086.53
282651146710390.8, 256282131593143.44
292205360477566.9, 254564520129381.47
265454846303494, 259373601329214.78
285503230414150.56, 255769397444152.94
355372011224377.7, 243208717747932.3
225804046909381, 266501834928156.44
252971386328872.78, 261617818852742.2
303270194272496.44, 252575336525798.62
260611604842914.7, 260244296423251.53
229113275609170.66, 265906917409093.12
566953558564513.6, 205171585641840.47
262704800111118.94, 259867991655933.9
375043419301850.3, 239672284835128.25
369252792559669.5, 240713296384284.38
270158786353704.44, 258527949185356.72
326043163293440.7, 248481319623156.94
278809388215780.72, 256972784805657.62
398385660462458.8, 235475926873670.56
430642585797102.4, 229676929060700.94
350547664504715.4, 244076016034613.2
288871683410664.3, 255163832860510
331002616825470.2, 247589732471331.44
290412636619141.75, 254886807564603.97
254645150550243.88, 261316917419686.72
258755644922706.97, 260577952139243.9
276967730677350.6, 257303869306948.44
2872577574210346, -209322619418084.44
242612261544761.16, 263480133420672.38
384512082662301.56, 237970053219766.25
359481606420923, 242469914117092.72
361515479266140.56, 242104274055031.12
231502261746955.12, 265477436755109.4
341072632251046.8, 245779392619542.38
309535949288859.75, 251448908657688.38
258649926292437.97, 260596957735696.78
246939938512441.66, 262702124078168.03
309575579641475.4, 251441784099914.75
283286899770903.5, 256167838908107.47
268189823306929.94, 258881920070170.12
310384347529649.8, 251296387625636.22
259861867367689.53, 260379080688460.53
267942910491390.16, 258926308890941.3
306973645310858.25, 251909547575081.88
250204306503765.9, 262115271405570.4
290059452922766.8, 254950301262828.66
310471025795296.7, 251280805016081.72
238703760738785.7, 264182785250960.1
280999946101198.84, 256578976646481.34
278645957823638.53, 257002165550312.4
338646545350606.2, 246215543073554.16
345402176958936.3, 245001047503517.28
270123970340459.56, 258534208243917.6
278797919666985.9, 256974846567238.72
608550767562877.5, 197693435709550.34
288703258664056.06, 255194111466641.84
294348625863824.9, 254179213992526.1
250286689290260.1, 262100461016987.2
283421410820394.7, 256143657146401.2
275178237954004, 257625575863954.56
891027260704339.4, 146911144807714.5
2877228129726401, -210158674342319.06
317890703980374.44, 249946930286180.1
362639631553716.06, 241902179261759.12
390623428994807.3, 236871384216169.7
286096859145891.4, 255662677672154.6
261602313732512.97, 260066191454334.97
315054190280848.9, 250456865333285.8
244548788355727.47, 263131993769262.7
247164528165615.3, 262661748410181.75
284399164416594.4, 255967881218994.5
230667681779307.22, 265627473603225.9
280283877329837.2, 256707708110995.78
277972236697474.16, 257123283955016.1
272264430038505.9, 258149406500448.6
292726854350914, 254470768421813.44
258719754739088.28, 260584404307085.47
270698500486551.25, 258430921925519.1
244428281073332.94, 263153657999805.53
289541835936080.5, 255043356002008.22
275716535268323.4, 257528803313065.7
276776658796787.94, 257338219307948.47
345667301372801.25, 244953384687541.56
253051277267957.56, 261603456436726.97
449695487803910.44, 226251688250488.25
367857970630016.4, 240964050888491.66
281012152618469, 256576782216410.28
293272122850271, 254372742624176.22
270873090549445.28, 258399534947920.2
288855536823938.6, 255166735617674.2
278855092336532.7, 256964568334511.2
392624729984626, 236511599768561.84
228599807686572.75, 265999226249110.75
233202933797962.34, 239293726172232.12
269816677907571.88, 331791606028087.8
270273449225756, 332945554621395.06
271328765815249.88, 335611617584326.94
189638170962758.97, 129235377956981.5
269172235832860.47, 330163541839343.2
209026107941164, 178215429270846.84
267196630955486.1, 325172540043871.06
176800444729330.12, 96803227472529.69
235636763940042.38, 245442349689065.88
268611657744362.03, 328747344563136.6
124439164338101.8, -35477901936889.19
149131651773034.3, 26903118951361.312
271743278060731.94, 336658806415018.5
154654841330855.03, 40856439939540
213116162073597.53, 188548197605415.75
233063665617255.84, 238941890768342.03
223852516766882.78, 215671619988452.2
172097122879969.66, 84921151221513.78
273018458268240.22, 339880314307671
236005327369835.44, 246373457301174.7
221212232321347.2, 209001427704993.84
224858144111841.97, 218212152228349.06
271546826805596.1, 336162508507306.9
274415085897113.06, 343408636738507.6
258816729181634.16, 304002261878350.4
-4306339489199780.5, -11229023974032590
255038794263811.16, 294458005243850.2
-527675654528571.6, -1682925865389538
217522869677103.88, 199680932603747.6
268601977963120.53, 328722890378947.56
275405845843455.84, 345911609234531.5
245399701876849.8, 270106613950474.16
268471660650752.9, 328393667695071.44
194733570894719.4, 142107967258776.28
267588814494318.8, 326163319510395.9
268859074019951.4, 329372396206730.8
253130452940964.97, 289636932428238.75
235428865462339.8, 244917132482238.38
272748466055672.7, 339198228718026.7
274076269996620.5, 342552680779368.5
209719122081365.53, 179966201835566.5
272239223676632.8, 337911721655189.1
252169454448367.53, 287209146762729.44
237628954146591.72, 250475251263506.34
-44899080147436.08, -463279782742458.6
271192772184878.7, 335268054728652.4
267678832026076.56, 326390732222204.9
226906762900948.62, 223387610221881.7
272425755693626.4, 338382960434962.4
268377672273160.4, 328156223372732.5
218623536618886.9, 202461564877725.75
251355058466147.56, 285151725333963.2
270833269339007.75, 334359837012767.9
-1905945475342868.2, -5164870675867761
248199901587979.5, 277180802694380.75
241846209592181.53, 261129370283943.75
231047208021112.25, 233847682104400.3
259529027893999.62, 305801753362221.06
237511973818921.75, 250179722014655.88
227847118624125.66, 225763245733065.75
32846874934407.113, -266868948851486.38
240347492810310.72, 257343138413954.34
233401597845621.5, 239795614292634.2
258526871126734.84, 303269988897552.1
268423717203894.66, 328272547408271.6
213946540980494.16, 190645996949154.6
253597788257022.5, 290817569016173.56
252653113160991.22, 288431021405147.2
249381879046869.84, 280166851011577.4
249506125363284.7, 280480736442520.16
230681512662723.9, 232923820146366.62
251854999939869.47, 286414735372839.6
29367698107323.133, -275658448204119.62
264494808805199.28, 318346884085251.75
240509973991159, 257753617186623.7
270388019231061.28, 333234994634797.9
87727776967426.31, -128222459504911.5
254187556422421.72, 292307509644550.56
269408657952093.66, 330760818772142.8
259611159125396.88, 306009242788908.9
255275492582045.72, 295055979942548
246033813964027, 271708581328606
273851993634071.53, 341986087863455.3
272510612626061.6, 338597335843219.7
226479085573597.66, 222307162236995.03
228475688539452.56, 227351211834944.25
266865937478897.1, 324337103892488.4
247879256601528.03, 276370752202292.8
211155209921455.84, 183594213221057.8
261254536954358.28, 310160934146285
252184880460304.2, 287248117740253.6
-2289663654996931.5, -6134263971835920
258352737835458, 302830073214326.44
253187227469357.3, 289780362815756.25
187363833912331.9, 123489684355902.6
268431474754762.4, 328292145431516.5
269394277133544.34, 330724488283176.1
229357369935831.75, 229578617467902.2
267233545379234.2, 325265797535445.2
269826644145863.2, 331816783893244.8
275726213387995, 346720958820735.7
262283055098446.16, 312759295773454.4
243216077517127.2, 264590089252227.53
229831320704394.25, 230775966777954.84
-80070538328154.61, -552133992883221.25
185723457317758, 119345575064347.47
-7793325959013703, -20038252950404610
212523483967927.12, 187050905548985.25
269345464623399.75, 330601172468074
90153665654044.38, -122093898612402.75
250744156639607.56, 283608394403756.9
182203718015102.6, 110453602089218
247304623431424.3, 274919047351504.47
258968653372698, 304386070361038
220074640373578.2, 206127511205366.9
254278772382087.75, 292537949963706.9
258145491140655.22, 302306502616929.94
-87628160099198.52, -571226932094279.5
247939822008217.5, 276523759545508.3
228897794874613.38, 228417585734297.88
193467399168479.34, 138909217634590.88
236001782063860.94, 246364500738712.8
-169602375151697.16, -778319685911118.2
259771509662057.78, 306414338881525.9
250631583688345.3, 283323999579515.44
239376255728487.5, 254889486838822
244567277603345.9, 268003647364780.06
256405439315869, 297910582217470
267826936358066.7, 326764890534601
251969506040582.38, 286704013943061.7
245742459669007.2, 270972528372766.47
222838187490667.3, 213109103922223.62
261061229010758.12, 309672577236137.25
269870883000668.72, 331928545210648.25
258692477821105.78, 303688363704384
201625089213428.22, 159518118800777.5
269309021702687.28, 330509106142063.56
270082708899343.5, 332463684323089.8
243107536158076.7, 264315879503047.3
240530065096431.06, 257804373663100.47
268469471612246.5, 328388137492528.94
207593484399944.75, 174596169798292.94
262762823815733.88, 313971343059233.9
276972194450568.88, 349868700452501.25
234672551106761.03, 243006443583934.06
238916153787468.88, 253727124040459.16
204993906541992.94, 168028815209783.1
264420690342102.62, 318159637441639.1
238743241630001.28, 253290293326856.8
242324604398194.38, 262337946635976.2
274318889702939, 343165614774278.44
270931704487124.8, 334608515281695.2
177546674369261.72, 98688439194462.1
270016831321155.4, 332297256757140.94
245137619709302.12, 269444511632458.94
166871205167169.3, 71718832789176.06
211186719916296.16, 183673817418549.12
252649647703560.56, 288422266565322.4
208251301303431.9, 176258023028155.25
254528520602227.3, 293168892835638.4
254396460833321.2, 292835268156296.56
269983240988060.5, 332212396968269.56
239858385085286.75, 256107497845472.75
267948940075404.12, 327073110452085.06
221874444807238.9, 210674385564088.7
238585817006982.62, 252892589016072.84
201199857217521.25, 217430238211336.72
314747674407838.2, 295002509361157.2
274504505181405.75, 267509651176762.75
228089452281357.56, 235800357611383.3
281875477731035.6, 272545266086905.94
321646404391826.75, 299715503112594.94
237446264149875.12, 242192635026509.2
273876638779092.22, 267080712743499.06
270502986221071.06, 264775940203860.84
297198069181743.9, 283013175097785.8
242829641866805.6, 245870388120253.75
276751717397828.16, 269044875364219.66
261131937663842.16, 258373936734070.8
142667887302158.3, 177443050843415.5
210952147815977.5, 224092694164737.53
289863092179777.6, 278002151205353.44
283386572750188.2, 273577598327713.12
255772044355680.34, 254712227444336.5
285846130463289.8, 275257890230723.16
240976188733897.66, 244604167663118.62
275525075042026.1, 268206872170651.9
255615053251282.9, 254604976095787.75
81660718043337.33, 135764885706201.16
323648007182322, 301082934721943.2
225383368035607.75, 233951646592009.7
-2447280687623.282, 78304965781089.44
199067553849099.66, 215973516108157.62
286889425927101.8, 275970636636693.75
286383113658085.1, 275624740136078.38
193472647531385.75, 212151253376254.06
251148002846685.12, 251553228789676.4
324759308829601.5, 301842140797807.4
273904281866154.2, 267099597624759.22
258513763637338.84, 256585283191212.1
270016351018945.12, 264443486451913.44
217787100665951.53, 228762117398878.2
321630090307593.4, 299704357847128.56
286606284181614.94, 275777203167004.7
272154004242637.97, 265903863406713.5
285342020534748.6, 274913498299343.53
284185669326840.75, 274123515790970.84
271852184195234.75, 265697669512942.97
245849937992985.88, 247933758741109.56
286971384380664.25, 276026628055464.12
271434209712408.16, 265412122589031.75
291499763857841.1, 279120273440862.2
166493354490229.88, 193719855160018.84
267784183188955.06, 262918540112613.28
272107412702919.72, 265872033542945.56
244838053472774.06, 247242471296608.44
331367678900904.9, 306356769856420.56
278068910576226.5, 269944740010848.22
174011131321900.97, 198855762104427.8
278927042250361.03, 270530988382286.66
273516431454648, 266834630511948.06
290149445744905.4, 278197778888460.53
163382207620313.16, 191594418189481.7
259067002912804.66, 256963238735837.25
292369199869721.5, 279714244577691.34
272326974732417.84, 266022031365077.94
246898534851960.25, 248650126892290.1
246342468288790.2, 248270239834282.8
260214666799259.53, 257747286341435.16
219360335534569.34, 229836901616052.75
281948008798314.2, 272594817014056.66
264714935340763.97, 260821727226225.3
284748890301013.56, 274508290515900.78
167126397249964.4, 194152329916669.2
233592051500653.2, 239559559058228.8
250200818964920.22, 250906142771440.97
314434410077643.7, 294788497095974.8
-385391127353981.44, -183310137387016.62
279213558492699.97, 270726727201310.3
289835575518708.94, 277983352694326.3
267761505798658.4, 262903047638054.2
269107616983055.12, 263822668150166.78
225348334174035.03, 233927712567766.94
259730971281279.4, 257416840888557.62
248056662269641.38, 249441322850903.94
277118497811358.12, 269295448121977.75
322783400098942.5, 300492262556070.06
303573816468142, 287368883639978.6
317602761779099.7, 296953014594989.3
272504583334674.25, 266143367934936.28
282379798088461.8, 272889801776632.75
283511585906538.1, 273663003355318.53
299295975642215.1, 284446398323256.3
263972934365002.56, 260314815668526.94
282775294004467.25, 273159992055883.97
202692334207815.4, 218449851204706
221717377431108.66, 231447157961213.25
178532395331572.8, 201944546427867
251268004703244.84, 251635210256038.97
320477104587574.7, 298916674533452.44
261184135311344.1, 258409596513057.25
213284405914349.34, 225686019004219.28
304724970939831.3, 288155315902815.9
262814450487356.47, 259523376187758.78
-1130279673132935.2, -692194391434024.8
270012388900459.22, 264440779658096.3
277226833943910.75, 269369459935305.78
225443170608869.8, 233992501815327.3
321031015237963.7, 299295088740153.8
299901788915169.5, 284860270757254.8
296744913015375.75, 282703593162346.25
250236549803349.44, 250930552948189.62
258484387593613.78, 256565214408865.28
279041260442332.16, 270609018632247.12
322946396036843.25, 300603616216616.1
227238042561487.8, 235218701466125.75
219351268267366.9, 229830707146379.8
-73695314892704.58, 29630566175637.875
259740293721192.94, 257423209684142.12
322812552539283.9, 300512178579669.6
290403380616871.06, 278371259147526.2
266920125327334.1, 262328243157644.5
329623116195190.7, 305164939889150.5
-162226383465191.94, -30851054928338.625
261422278748026.34, 258572288563860
267229594669698.7, 262539662807378.72
324441164580268.8, 301624794726481.06
201272407877619.9, 217479802523681.34
248552246537044.03, 249779890320713.66
279360063416606.28, 270826814723582.94
327035039400010.2, 303396847821155.9
227444856391693.94, 235359990122405.2
283900712257908.25, 273928842149818.94
294243077997977.3, 280994418744519.56
238066924154792.12, 242616650277393.06
268996877158473.88, 263747014210601.38
270477460547594.47, 264758501872475.84
252952644347867.44, 252786102686523.72
316863804992941.8, 296448182731178.5
277726970681288.94, 269711137508366.12
-864210101240892.6, -510424089844411.25
286486862772067.8, 275695618243650.7
254511863332726.3, 253851311695981.75
198445275328246.38, 215548395138465.75
277747985289664.1, 269725494022998.66
274473734132087.03, 267488629370792.56
309149869703626.5, 291178266543428.44
-2660546524347522, -1737624220481613.5
295084964206207.56, 281569568728360.06
261301594559341.7, 258489840949808.1
297200004891700, 283014497513498.44
255240781248512.53, 254349285321617.88
-35225122163742.88, 55912182990473.09
286267267109890.5, 275545597444737.5
286395159685852.94, 275632969600593
168918598891358.78, 195376705295443.56
276666199798930.5, 268986452450121.25
271070514918751.03, 265163657829008.56
236484486081309.62, 241535578722241.62
247993289469188.12, 249398028561485.38
-260314092012668.03, -97861469678594.56
284037337892024.7, 274022180454314.3
255091733574591.38, 254247460673097.5
258294512519927.2, 256435497774366.5
299236696584025.7, 284405900748849.6
272916048309832.03, 266424467769450.03
275933419690229.38, 268485840296652.2
258278279777263, 256424408078883.06
295472278424949, 281834169531262.6
-65359152801985.97, 35325567999990.16
169980483135416.25, 196102150967126.38
282398293118555.9, 272902436995211.84
301180590512630.6, 285733907492154
268514297497758.72, 263417331076053.4
317728187286824.2, 297038701327989.25
284208296606417.06, 274138974031473.47
258411256043925.1, 256515253251157.16
182615299126711.16, 204733856941377.34
243557308260591.34, 246367506745711.34
270429279432996.66, 332812608570462.44
271385009975783.47, 334405492808440.44
252027526412102.94, 302143020202306.25
269082916252447.88, 330568669936214.44
174600587607227.6, 173098122194180.66
266141283763191.9, 325665949120787.9
101424059731076.03, 51137242400594.75
227150984451257.53, 260682116934230.56
268582469556052.8, 329734592108889.4
-125508139693618.62, -327083089973896.4
30635333151145.99, -66843968565955.31
271852478069413.1, 335184606297823.1
180815604774442.72, 183456484139539.2
201023975140301.38, 217137101415970.3
206816949952684.72, 226792059436609.2
273428995623659.2, 337812135554900
221634757771982.44, 251488405802105.4
182857408592146.94, 186859490502379.56
271781666960729.6, 335066587783350.6
274472032126085.7, 339550529725610.8
259503850364114, 314603560122324.7
246282853531716, 292568565401661.3
252448423843626.72, 302844515921512.5
199890120619445.97, 215247343881211.28
268372544645221.16, 329384717257503.25
167492284686128.84, 161250950659016.06
237619053013644.84, 278128897871542.75
268444812905281.12, 329505164357603.2
225584568843570.62, 258071424254752.38
267168215389621.3, 327377501831503.5
268125275958956.66, 328972602780395.75
248260310725830.9, 295864327391852.9
213963861515634.47, 238703578708192.12
272702201640196.12, 336600812249128.2
274766217870762.16, 340040839300071.6
183690530204848.75, 188248026523549.28
272101913390127.34, 335600331832346.9
246626416310540.56, 293141170033035.6
224546742596053.12, 256341713842223.2
271298708743540.2, 334261657421368.3
125456799042437.3, 91191807919530.19
267127492825059.4, 327309630890567
178397212266208, 179425829959148
272459098975540.9, 336195641141369.5
268065391719494.8, 328872795714626
188684914174770.4, 196571999806752.03
248372909867049.72, 296051992627217.5
271041141594745.88, 333832378840044.44
239472147630537.72, 281217388899697.53
236033609619942.97, 275486492215372.94
184996291508237.47, 190424295362530.44
250937038493265.66, 300325540337577.44
216683940919660.47, 243237044381568.78
211040086874461.84, 233830620972904.4
208824982316021.53, 230138780042170.56
222629719303361.1, 253146675021069.8
260626447887339.56, 316474555994367.25
268252651854320.28, 329184895939335.1
248257037907766.44, 295858872695078.75
242341766542630.4, 286000087086518.7
212544429849238.72, 236337859264199.2
248968062583498.03, 297043913821298.06
261468864168458.66, 317878583129565.75
231408663626376.1, 267778248892761.5
270432003087857.78, 332817147995231
-1815378658620299.8, -3143533954851698.5
246582522134712.16, 293068013073321.6
269260545445035.38, 330864718590526.94
257767522945703.16, 311709681091639.94
242649544043642.56, 286513049588205.6
237151677321809.06, 277349938385149.75
272963602559495.56, 337036480447960.6
272798592557790.03, 336761463778451.4
201716698274040.34, 218291639972201.9
212838640631090.25, 236828210567285.06
232416511680276.88, 269457995649262.8
188533177997641.28, 196319106178203.47
263009613419814.16, 320446498548491.56
249073301897947.7, 297219312678714.1
226878027585818.47, 260227188825165.44
253383318796359.12, 304402674176066.56
250214897349342.94, 299121971764372.9
119705160490400.56, 81605743666135.6
268403160096699, 329435743009966.3
269356054348821.62, 331023900096837.4
216910430814950.38, 243614527540385.3
266501906686236.78, 326266987325862.6
269830366216111.8, 331814419875654.4
262776431354864.56, 320057861773575.6
208027312750579.78, 228809330766434.3
235016770541979.72, 273791760418767.53
100954662390297.92, 50354913499297.875
168417175986111.12, 162792436158986.53
269167335823194.1, 330709369220791.5
247162266395319.38, 294034253507666.94
122258008614992.11, 85860490540454.88
240453128590857.62, 282852357166897.4
257583454067557.1, 311402899628063.2
201240980732846.06, 217498777403544.75
256581728736439.62, 309733357409534.06
254960915480704.34, 307032001983308.56
256338789278879.75, 309328458313600.94
235962087465186.53, 275367288624112.22
196687838930767.78, 209910207733414.3
122706184416047.4, 86607450208880.34
227652191320816.94, 261517461716829.56
258399008458766.88, 312762156946746.1
244293576267944.06, 289253103295374.75
225010787909573.44, 257115122698090.4
252548629126395.94, 303011524726127.9
267438500756768.94, 327827977443416.25
237107802745889.47, 277276814091950.44
240023999242533.78, 282137141586357.6
199978743295748.5, 215395048341715.5
259207659900238.62, 314109909349199.06
269873857300289.94, 331886905015951.25
253697749891332.38, 304926726001021.94
135676644884223.5, 108224884322507.16
268854802993053.66, 330188481170557.44
270148233386672.2, 332344198493255
213589915732109.75, 238080335735650.94
183323703684067.34, 187636648988913.56
261958778801485.44, 318695107517943.75
222482736972402.47, 252901704469472.12
226524039795712.62, 259637209174989.03
154114706133769.66, 138954986405084.1
221003632347380.25, 250436530094435.06
223845189925625.75, 255172459391510.94
270996093086835, 333757297993526.3
270049887511057.56, 332180288700563.94
237154405498354.34, 277354485346058.56
244543348044587.1, 289669389589779.8
184031559035433.97, 188816407907857.94
251064456037076.53, 300537902910595.56
246113002968647.28, 292285481129880.1
270008146588512.3, 332110720496321.9
224199725175010.25, 255763351473818.44
266309179201474.12, 325945774851258.2
194677114307484.25, 206559000027941.75
229574041171111.44, 264720544800653.75
271501965341628.44, 331897449963098.3
264820469203671.1, 337597747367509.5
268161661120790.78, 334747219997659.1
294161372911216.7, 312565647700932.1
111477959580547.02, 468421426906118.9
268441324196632.88, 334508626324563.06
302073107961146.44, 305815775840152.9
273459321258999.25, 330227537921705
272136042298694.5, 331356489202524.5
255965319086380.47, 345152490824218.94
289574809228603.25, 316478660073511.44
315054195808383.7, 294741001592859.56
292791930842642.4, 313733982892303.2
302293252905195.25, 305627959873901.44
275235320072780.28, 328712350122535.2
272675267766034.75, 330896450691926.5
274624311081135.3, 329233630521001.56
261194706537964.28, 340691055376014.56
243267531056364.38, 355985568723953
317445363772862.25, 292700984168619.1
303203447316380.7, 304851430376246.75
265779908680464.16, 336779204597098.6
261915585822838.62, 340076039482625.3
-858531068899005.6, 1295981577077485.2
265821391110412.94, 336743813992526.94
294562387233807.3, 312223523593547.1
259722564376694.25, 341947008828286.94
281103314902501.44, 323706088799276.6
278998700799347.88, 325501633698470.56
280955763413022.8, 323831971888202.44
268321486797382.12, 334610865224623.1
251544320538364.38, 348924251823225.7
250086093932001.5, 350168333263619.2
318014673223785.25, 292215279602097.4
258357164139990.12, 343111895743517
277742021553803.2, 326573765642221.94
263127553994757.53, 339042052650638.5
272278183866391.1, 331235221571342.75
289576175681116.3, 316477494288849.94
246478658860633.03, 353246005142688.8
257982267911014.03, 343431737281524.56
288751052175503.44, 317181445811121.06
272601714944539.6, 330959202050125.2
278686706403530.6, 325767810735461.5
271863611273796.78, 331588912874115.5
271552072562032.6, 331854701145690.56
244427349920427.78, 354996072909856.9
256900468976405.5, 344354670638323.5
310205818544250.25, 298877379398623.75
272538095351078.84, 331013478906084.7
263933187257400.66, 338354729167824.1
228537995078671.25, 368552025991635.25
271956541307941.56, 331509629907922.06
304853994881165.44, 303443270915381.44
283890074058713.56, 321328573994676.06
279106713474986.4, 325409483024149.56
296683886492768.56, 310413573176810.94
299277673699254.56, 308200691783864.8
264084899006305.72, 338225296766660.4
314558030573053.9, 295164303402022.06
245076845906735.72, 354441957453006.75
267028440401381.03, 335714023688344.4
301604120759898.06, 306215890795064.06
229850159481472.44, 367432557060574.06
255590390481804.4, 345472359983367.75
283870272380818.25, 321345467733859.44
270432796798844.44, 332809607740858.1
288679654540257.4, 317242358478953.4
243516512134653.62, 355773151300517.4
279861560927348.8, 324765487295560.6
303980533137489.75, 304188462053342.5
288408081570245.94, 317474050103718.4
271969603539217.88, 331498485906413.6
273879792489361.56, 329868814214682.6
276745051913695.47, 327424327153362.8
306085691739305.4, 302392452616828.5
265794429524418, 336766816184774.4
317995041779458.1, 292232028107047.8
226187738859149.12, 370557139689409.3
259210618955593.4, 342383773453282.06
227969081580435.38, 369037392752367.94
268274025226997, 334651356914042.6
268968625290216.44, 334058761055911.4
247296118865831.5, 352548591711680.3
276752698808437.75, 327417803229177.06
306334803018648, 302179924112773.94
302017100274442.2, 305863558621816.6
213804332827447.38, 381122003576595.44
281120618913573.47, 323691325936683.7
264008915156469.28, 338290122149038.3
263839683455113.62, 338434501642502.56
286587025583519.4, 319027678288198.4
303661574633532.1, 304460580497278.4
277190954325218.94, 327043906914161
262738661864595.88, 339373834747699.5
234770067342162.7, 363235153151453.7
282107311982310.25, 322849531850069.06
311664550331573.5, 297632866964683.6
290089932890644.75, 316039183942259.25
299816701904971.56, 307740821566400
249899265103775.6, 350327725690497.25
140976831727717.47, 443254556962379
260775722433340.38, 341048510346393
193163068031339.78, 398732033682365.56
266741332479858.03, 335958968908105.25
290834970633030, 315403557336867.6
250362099738400.78, 349932859778439.4
-555554413470942.25, 1037497996922074.8
314255854595568.5, 295422103886310.3
156569376775843.53, 429951826222019.7
245374945398513.84, 354187634809671.6
293555067759329.3, 313082915033311.56
240855813130327.2, 358043118283229.44
269767401391521.16, 333377287738714.3
271399583427251.84, 331984796771167.9
303171732143275.25, 304878488076378.6
274773114500662.75, 329106679351894.2
269418434998470.3, 333675007318799.6
264789389225753.75, 337624263152865.5
303935923897972.75, 304226520285657.7
290128055498673.7, 316006659759185.56
270895057287950.7, 332415231659243
297422822760503.4, 309783152025316.9
257708538623863.78, 343665268561470.94
296491948575974.6, 310577324406523.25
290344387729583.6, 315822096597150.5
318440268979332.1, 291852183922539.94
265090584659750.56, 337367299216168.94
271111584448396.12, 332230502193688.1
269693878250974.1, 333440013774705.5
-371846079255446.44, 880767809689274.1
262163700390884.66, 339864361319676.94
262424313186996.9, 339642020332783.94
305506128958909.94, 302886904779123.9
212767028135522.03, 382006976810266
312748399519435.75, 296708184440773.2
269679540624364.6, 333452245875729
273047832024586.6, 330578598667148
5459800455105.326, 558870485740411.75
270501894574608.75, 353343411966964.56
272229453179156.72, 316296877447213.7
277537961090328.6, 202458874463194.62
268822952258874.16, 389347397182162
278189060529612.12, 188496408709670
271918508707875.56, 322964908886909.6
279561739522645.22, 159060070303515.88
269747757063403, 369515471929487.9
279180204087260.8, 167241885751203.7
274642662624566.53, 264546941562314.38
280161516970929.94, 146198176134743.56
277974540560999, 193096670258818.12
280864542777158.38, 131122178290067.06
271793745835252, 325640379377614.9
270492570887945.1, 353543353247640.75
269984168551806.16, 364445758900398
273730362159427.72, 284110718203624.5
277711810850947.44, 198730762929923.84
274521000856712.03, 267155910584083.12
278587993291653.53, 179941517257004.28
279761903966623.44, 154767655004871.84
274892965116663.72, 259179343676230.25
275004691400587.9, 256783435587633.78
270549760026651.53, 352316963939824.94
276156555864949.56, 232082342074100.5
276619769689626.2, 222148978944923.97
269449073400392.8, 375920577147373
277283623831510.4, 207912995680073.5
275055971161508.34, 255683769603451.06
271235278531134.94, 337616400454791.9
276012765436854.44, 235165847921029.28
269404077472489.28, 376885489823526.5
268758832056066.4, 390722419309039.3
275944983705956.84, 236619389483611.03
276359784779120.34, 227724210914660.4
273066439013763.2, 298348181216208.3
270691332925889.72, 349281011767272.7
270714300172339.47, 348788491926739.2
280249808812257.62, 144304806648494.28
268656679209732.3, 392913030347092.6
272123733341440.6, 318563980633792.8
276242095932200.9, 230247982854155
270086476736527.06, 362251816716938.56
269836195179138.94, 367618965669817.25
272593308062974.62, 308494211605340.8
274354656724838, 270723068078715.12
279984372084512.53, 149996949810139.06
275847335469038.88, 238713401675296.34
269555871047872.9, 373630360929188.8
277286565484297.7, 207849913570301.8
268685334680210.72, 392298529702389
273738952014222.78, 283926513539685.94
273764172005678.9, 283385684834015.7
272419677603567.47, 312217620345960.94
271551313662730.62, 330839202632795.5
276874766709734.7, 216680709513708.38
274762540342252.06, 261976230505280.22
270342784673155.66, 356755435409236.5
275023562501645.16, 256378755309406.06
278937781224322.97, 172440509367537.44
280781891136999.03, 132894596795706.34
272309846676328.5, 314572883563418.8
270377077012843.47, 356020055235931.2
279624056246397.22, 157723722783056.3
271669066045617.84, 328314068199769.56
274710791214398.2, 263085961802591.06
276103404931215.6, 233222134319728.94
277802259612243.2, 196791139493248.3
271465691592903.94, 332675320352412.25
272102569046130.22, 319017837188782
274548646405548.44, 266563067147924.62
273021279428358.16, 299316603436560.6
278685600243830.22, 177848390393659.75
272071703012998.44, 319679742121496.8
277002296173192.56, 213945911019556.16
278269310439068.28, 186775493984665.75
271461470995025.94, 332765828729129.4
279243597243496.53, 165882454734148.84
281639608415447.6, 114501326268975.38
274623403963687.2, 264959932845615.88
279092058258549.4, 169132124078014.94
274177723745156.88, 274517297531877
272338155674415.6, 313965812826662.25
274734055020035.94, 262587082415026
277564064005450.28, 201899111950029.53
278881154966517.34, 173654828007146.97
279355764997552.6, 163477079563835.5
274975873734441.3, 257401414428332.97
275478649521516.44, 246619666994388.62
273638810098897.16, 286074001279446.56
278397524481142.3, 184026015082411.53
269591829742574.16, 372859246698373.1
278348091062183.4, 185086087288974.72
269480043098565.4, 375256449175449.6
272745965573384.72, 305220556104324.4
277747407718267.8, 197967407886275.8
273750439456765.8, 283680171716263.1
275314432693313.16, 250141205643636.75
274900253175422.88, 259023055305061.7
273350380038227.38, 292259223691587.4
276519674707323.16, 224295460232088.97
278953229812571.75, 172109222975091.38
278134952338146.34, 189656728815547.3
279427179111998.03, 161945643554061.12
272079121964133.78, 319520646836038.94
277566952673764.06, 201837166062856.22
279390723274760.62, 162727418730374.38
276824679046837.97, 217754811618049.12
272275960601239.56, 315299551618103.8
278838204355755.7, 174575879993480.25
280285395672717.56, 143541666196408.94
273437896788240.72, 290382475607967.94
271627553575872.1, 329204280050984
274915890746422.25, 258687716282519.53
278725708773246.84, 176988285262836.6
277916271551412.4, 194346216797730.62
272671093877236.94, 306826138032826.75
275171697251816.6, 253202087889063.06
271613173181184.88, 329512659625943.25
270630664985016.84, 350582002054879.9
276236132166551.16, 230375872495310.75
277770338673096.12, 197475666299402
271782868176082.62, 325873644735358.1
273556002327232, 287849767938488.25
280229518810164.44, 144739914471159.28
270098621349840.62, 361991382231436.6
278332783260333.4, 185414354595313.62
277343653874737.53, 206625684753091.84
269762641237388.66, 369196289087351.06
273074690748183.2, 298171227355868.3
276948361342489, 215102513500199.22
278587074771492.28, 179961214411573.3
278426428442388.78, 183406185691237.25
281982238072168.9, 107153823630397.44
272801138188887.4, 304037410016322.3
278877324680007.88, 173736966373405.56
272123236194040, 318574641683605.56
281289852893593.12, 122001639126521.88
271556975405004.7, 330717789715140.56
268797017204940.22, 389903560005412
279725500327876.16, 155548310813563.53
276618571004783.22, 222174684075445.4
280246079774095.12, 144384773800201.22
277697756309011, 199032154773671.88
270679982256785, 349524420560296.1
272798878419372.5, 304085869518141.94
270507368239844.7, 353226032256905
269338118289688.84, 378299947854691.44
275438117581083.28, 247488851939232.97
272490691954949.3, 310694757032994.75
272159589101365.16, 317795073782077.2
281246113480694.62, 122939606536456.38
276023190311682.22, 234942292271944.62
281096185347105.1, 126154732067876.34
278176429134030.3, 188767281970479.97
270317266939154.62, 357302649038369.7
277914825074842.94, 194377235684164.78
280192105969537.38, 145542212053495.16
276612727740856.5, 222299989624096.16
270327430819089.34, 357084690279769.6
279329196102679.22, 164046834753897.88
271627038402674.66, 329215327653995.7
277775270109763.1, 197369914379765.88
277367438991962.75, 206115626128151.03
278512722724823.94, 181555652745683.34
274046511636616.34, 277331068303912.84
273432518273755.97, 290497814863029.75
280312458260704.34, 142961324031803.5
276081698733472.84, 233687611671323.47
275880232012126.7, 238007953584635.47
279317023050956.1, 164307879085293.78
279958208724331.12, 150558008534029.22
275691755063393.53, 242049737040802.06
277057891496780.47, 212753700191504.38
269580265787361.88, 373107229293480.9
278951175056319.3, 172153286081393.62
279026694280189.6, 170533818280619.84
273977356727655.38, 278814056907186.94
279766305342968.3, 154673269934365.1
270825059899857.22, 346413311103303
276319627081353.28, 228585370433442.97
273966973201005.38, 279036725867570.3
275089776411677.47, 254958834794268.72
277601546236120.88, 201095326336760.12
279141396680626.6, 168074089026804.16
281477319344678.2, 117981525231031.12
276242696752999.4, 230235098585920.5
274822336237910.6, 260693940742825.06
275352930770040.2, 249315635776045.97
273942519605954.75, 279561119628100.38
274183289567587.78, 274397941561969.8
269582889381109.2, 373050967783121.9
272313963224273, 314484606479720.1
272987711106260.72, 300036457454872.4
277207738352966.62, 209540317608845.72
277295263178347.56, 207663396353454.5
273980606333349.22, 278744370918418.97
274565196949583.28, 266208149925844.06
272982633216960.1, 300145349969874.6
276813344579445.88, 217997872974346.22
271494759290171.56, 332051979733228.75
279155651382262.2, 167768404869507.53
280830506513279, 131852067059924.78
276365014328247.03, 227612066138943.66
272249085165094.1, 315875880415445.56
271605009542267.62, 329687724327168.7
270667306996906.47, 349796234466580.2
275909931975634.25, 237371054367195.53
273820501555703.88, 282177728927924.7
278114209304623.44, 190101551645538.5
271435943942247.78, 333313242194260.94
275673939919479.9, 242431772904727.56
280668223750804.53, 135332130744099.5
272796552404391.16, 304135749617186.3
275950972087865.38, 236490971960461.38
270010457695241.1, 363882002824515.44
277259231314760.34, 208436079650380.4
275971318194094.94, 236054661015760.78
279564490072322.47, 159001086293770.38
277218932805703.38, 209300258789046.5
273047760603182.88, 298748729354208.4
273614273985899.16, 286600164591514.75
274896374465368.97, 259106232087328.78
274169851947978, 274686103849157.3
278135424737881.62, 189646598465668.5
271071650438470.34, 341125313997488.2
274840112730924.06, 260312733725980.7
272088969510791.8, 319309471668816.7
278289851457269, 186335003261028.12
271773119560995, 326082698370015
275832514878482.6, 239031221006114.38
280733503011678.28, 133932253260917.94
277286806523856.84, 207844744610866.6
273680182192300.84, 285186799720900.8
270757813232599.88, 347855378523377.1
280506874764244.78, 138792170122547.44
277140647151211.38, 210979051157597.16
270584114479668.56, 351580251780681.94
277950406481089.22, 193614212194661.2
275376016072509.25, 248820584289764.97
273265118375395.6, 294087612683424.5
271840936434892.4, 324628403185326.2
275000195609515.4, 256879845329521.8
271609576069030.28, 329589797697702.9
276767519122464.03, 218980574440734.66
277572283386340.28, 201722851893166.2
266504323588413.97, 342264429519511.06
207214201754195.03, 177946091864675.72
261327289007781.72, 327916647967473.1
178253486172231.66, 97683537251805.75
276811354545499.06, 370829629600575.44
233168187928232.94, 249875710689866.5
268082693862107.9, 346638769992320
134397719465216.39, -23859587621922.312
154145396709628.28, 30869689312590.75
-1533337564637455.8, -4645868803563613
270506446818463.16, 353356028185647.4
278970169820071.66, 376812631932962.4
166424258730236.56, 64899678341133.69
210914474530579.03, 188201133559225.66
227972900314090.56, 235477342159243.34
221403373044934.16, 217270366584724.16
176092077052326.16, 91693346262353.44
270401331379730.62, 353064708255445.8
232371214289634.2, 247666955177178.5
218158255553612.66, 208276755251633.16
220594894705366.16, 215029726615064.25
268847633281292.06, 348758744954058.94
274120425027558.16, 363371910650853.5
260156411371212, 324671644231837
274297501936047.34, 363862666654380.7
-246259940133329.94, -1078825101366465
248766183732436.34, 293104441918658.75
250390703067288.2, 297606681218105.3
267826644011377.72, 345929146120296.3
215652468698556.84, 201332145967621.3
281163963526553.5, 382892574490926.3
265179968063970.94, 338594072780340.4
272253472078782.6, 358197783907104.1
284648135442301.8, 392548708086000.25
279556093572524.25, 378436477761188.1
241805245655165.7, 273812699247365.8
268034203756249.5, 346504383127512.4
285922245148694.06, 396079812129430.2
195998462559800.03, 146862471811638.16
283534353491428.2, 389461940965007.6
264212011253639.94, 335911449620280.2
260138132968452.84, 324620986944190.25
249287904812260.16, 294550354625599.06
271810941045648.44, 356971340758132.3
230906670246689, 243608075972444.72
273130157087458.6, 360627453788291.9
270848465187035.75, 354303907664262.9
208126009302636.72, 180473101356071.25
273679040982034.44, 362148646296116.4
248179658307388.6, 291478928597812.1
233975640713299.78, 252113508408480.3
34288433502988.52, -301305323002953.75
269563778863488.4, 350743491281860.2
263368702902520.88, 333574280761464.5
222009104097955.56, 218949106931669.2
272128960736599.78, 357852709615911.75
264568002692292.47, 336898054464545.75
215864122481808.5, 201918729309775.88
249001155053699.94, 293755648151875
267084438486517.8, 343872176522827.44
-471538416211495.3, -1703168306497380.2
243761266536958.7, 279233671405477.84
239404726814256.7, 267159832745418.03
283480402771274.56, 389312420397724.7
225496229597589.03, 228613426173510.5
251501561590281.3, 300685346267543.44
232699003095923.5, 248575398440323.2
224966691989770.5, 227145850517556.28
276682444524817.4, 370472364686114.9
70316729660928.164, -201455473650949.62
233834494443832.4, 251722331604527.84
230727118699621.97, 243110461684858.94
286198339496093.6, 396844987892223.25
263326986621187.56, 333458667067483.56
266041001382760.7, 340980365120986.25
211703777608376.8, 190388630660550.94
249190777846561.2, 294281174177804.75
245314116132204, 283537283140872
243062785810965.66, 277297881964868.56
227282394343270.16, 233563654182969.62
249491826700396.1, 295115509572718.6
67827892550364.8, -208353107928796.62
257482712467868.06, 317261678699712.4
237290319342437.16, 261299903466375.3
268775100259462.3, 348557724864987.9
108771809724956.14, -94879966044929.25
279895119601704.97, 379376064184917.56
248677449153542.4, 292858520371438.44
263778594564061.62, 334710266223448.9
256686009092279.22, 315053672201651.9
277528902003491.94, 372818261127012.9
247595304983296.1, 289859435099612.94
241975973237449.38, 274285858546837.75
281224095189079.03, 383059225098497.06
270289735420838.53, 352755428026516.25
223018274121782.78, 221745949569133.2
225657153385915.22, 229059414958300.22
241737533866625.7, 273625040861983.56
209573262028571.62, 184484058910805.16
266937243017180.16, 343464234793520.2
-2145177434690010.5, -6341539300566408
249619441269900.6, 295469184236774
252898252761795.12, 304556176085738.8
250553488285381.8, 298057828822536.25
187622835034283.2, 123650018383777.19
267983997835492.03, 346365241004270.25
267550837248992.84, 345164767378829.6
226860457069792.72, 232394285167903.6
262639267852940.84, 331552703624057
264056835788909.72, 335481391903742.1
277437509249210.9, 372564972636576.9
-1595461989247762.8, -4818042208912178
269383748631173.94, 350244550352303
263764228880610.38, 334670452757883.94
270267692777816.12, 352694338415854.2
273935545776497.9, 362859531012200.8
229143291047101.4, 238720996476444.8
226156945291433.06, 230444552525021.12
-6071716413745.555, -413160595629331
281337138639028.88, 383372516945500.94
186213632011012.97, 119744512862142.56
-584333420586201.6, -2015771604335852
209998314890355.7, 185662062556320.97
271762286794342.47, 356836498975941.5
263563213986307.38, 334113354336529.94
112970483858975.08, -83243640587791
248108204232230.16, 291280898732373.06
182975487000981.25, 110770225262911.81
243707366733225.9, 279084291949418.44
256800249348256.88, 315370280911075.7
217864293453714.5, 207462060289058.22
257653305753930.6, 317734465806800
254199348294891.72, 308162069420320.8
233811469794820.75, 251658520434409.84
242597340579665, 276007933752406.75
224517401776163.4, 225900674782702.34
193005561034930.03, 138567859014141.31
233523868717056.56, 250861454590320.53
-57347530400351.72, -555267851535068.1
257447336908903.03, 317163637864866.44
246598506213111.88, 287096878507959.56
235210176354147.75, 255534935755973.25
252408010384042.8, 303197504353111
280753668430241.66, 381755470938290.6
244820469767327.6, 282169177501071.7
242831275757997.53, 276656268389499.78
220004145755108.75, 213392508095779.47
257671982674147.25, 317786227557114.75
268698289791471.25, 348344850139412.7
253086627742419.06, 305078243889182.3
287079832845836.7, 399287983747225.44
200151337195850.97, 158371867231550.75
259854697373950.12, 323835465439425.56
265791486964598.25, 340288853733507.5
264950175068061.84, 337957217905963.75
234413093029852.72, 253325876257212.75
251080123604342.03, 299517360992226
206263348408142.3, 175310869734186.75
260689853809423.34, 326150041846308.5
272497863161760.3, 358875096337070.94
231591918456938, 245507192440849.1
235197756037822.8, 255500513736444.16
203283048784361.22, 167051182205422
234132627408793.6, 252548585821706.03
236906866425066.06, 260237191095375.44
264633746770104.66, 337080259480196.7
269685656701706.72, 351081267004922.4
179105386809247.53, 100044519017249.75
266894457284978, 343345657192845.6
241521802345318.66, 273027156360075.5
169379242012020.2, 73089203436362.56
208991225967583.56, 182870987541781.1
247369829631918.4, 289234546268651.94
267392652377947.94, 344726369307648.06
206864556765006.97, 176977075751783.1
269062358318516.56, 349353840057223.94
251281649002529.66, 300075874238631.7
248528530793321.06, 292445803773110.75
267109899446750.62, 343942739755472.6
235381266412829.5, 256009099632891.25
258737985948954, 320740579490150.56
218858726241115, 210218059728425.34
235648034555061.34, 256748428484219.5
287471888279394.6, 247161546813991.66
299700927554608.06, 191694118672845
270626119037447.25, 323569143018538.7
303675005360137.8, 173668837197763.66
322076965381699, 90202804242825.4
307870331232467.1, 154640037705412.8
268476488244574.16, 333319254114784.5
288518415866390.3, 242414796687261.25
308274419769338.44, 152807207556032.22
270783122069779.78, 322857022121887.56
273768735315945.44, 309315133469636.2
263562446508945.78, 355607943415670.4
277588109273032.97, 291991544449989.2
297463099668274.6, 201844266585857.4
281949136766992.1, 272211169745245.88
306277047373767.8, 161866718064513.28
287372226156929.2, 247613585726602.75
282120908774012.8, 271432060999116.3
285110580959991.56, 257871762155569.84
327123979819300.4, 67310988757990.56
292043106482145.44, 226427807108657.62
292172805417316, 225839529795562.56
288517750670153.6, 242417813827334.75
284103885240789.6, 262437846310521.5
275000794719337.2, 303726864032823.6
262479815377722.78, 360518448903717.5
286616667520493.25, 251040583827580.03
286286092138085.3, 252539979312073.2
276044941892151.3, 298990910784702.4
267018540914535.16, 339932086647461.4
266078084299622.84, 344197729150813.7
317374822604720.2, 111530380409836.44
271041067604592.5, 321687054874701.3
283772229739333.7, 263942140906410.9
264507480633331.12, 351321538637208.25
273448880442919.56, 310765903786575
277210869352497.53, 293702596946703.5
311187119445911.06, 139596034023006.4
293302330696494.8, 220716325850715.8
268337452625014.47, 333949879960644.5
261903280786735.7, 363133445084266.1
290228520758895.6, 234658249496255
262240297045996.78, 361604835622617.6
280279499641044.38, 279784166709366
275450028391296.62, 301689268449293.3
274370317954017.12, 306586526504096.75
269294373678317.9, 329609559468875.4
283212800956866.5, 266479550026887.1
287912969737240.44, 245160927344476.75
263530332324359.53, 355753604181472.25
261636638542828.66, 364342858119130.2
284814857858929.6, 259213077649672.2
299571598504898.8, 192280718291169.1
286009914684573.25, 253792641333360.03
272332249180510.66, 315830624155358.25
309270146432406, 148290875905690.06
271225647368550.2, 320849853802464.6
286817501634160.3, 250129657669161.6
292129599379628.94, 226035500037928.88
292120245158764.75, 226077928111134.3
274067120944641.12, 307961741510909.3
271354777495886.78, 320264156439187.94
281754612926489.06, 273093474307527.62
272802022358145.44, 313699867242514.75
301240114227332.56, 184712807692987.47
270881488833271.97, 322410858587476.56
294055399721830.8, 217300619914370.4
264963143447204.75, 349254782302852.9
306829220969324.2, 159362216398954
304536814531299.7, 169759917028565.16
284561174232949.5, 260363714096082.06
335265333660601.5, 30384133834946.188
280190653538314.62, 280187147246747.38
272693460880049.34, 314192271089593.5
283431779913260.1, 265486324046101.72
299804658043684.3, 191223626811677.72
281974945682090.25, 272094107880336.5
296749894246987.7, 205079162603837.4
298538655201667.56, 196965853987968
286026391190595.8, 253717908609614.88
282761116041257.5, 268528263751256.5
278052893550098.06, 289883415764729.6
310037532943102.2, 144810229946460.94
265471793271823.38, 346947692026904.1
292004677491026.9, 226602110032659.7
261796416758432.6, 363618149784069.44
297810247979578.06, 200269701031016.78
279900781121194.75, 281501925710112.5
293642613547430.7, 219172900062542.38
287082097303115, 248929527313545.7
277118693607104.9, 294120679791877.2
293205712358375.6, 221154559027184.97
304948238338879.7, 167893816187041.56
298789243632096.94, 195829256464234.75
271537191924190.6, 319436776710809.94
299258021196913.25, 193703015366675.03
295906551245191.06, 208904325504843.53
299449442709754.9, 192834782076286.25
272117552827063, 316804425472781.56
297096900282567.94, 203505242371027
321473745762785.44, 92938836085754.75
278044425879586.84, 289921822698834.1
268973205798821.38, 331066285208020.3
306378349636520.8, 161407239944169.3
282543639094921.3, 269514677043567.06
283166390437574.25, 266690054882248.38
288905628959204.44, 240658508730568.6
274103770179410.97, 307795511053203.25
287926113753874.06, 245101309840459.94
270582168441743.06, 323768490363339.8
285328478351209, 256883441845405.03
290657084820835.9, 232714405358168.88
301611965771822.94, 183026195330477.53
270225349290796.03, 325386920083706.7
278057564227669.62, 289862230905744.4
266632957761096.56, 341680981664843.56
292608761214513.1, 223862158858275.6
263868556438143.25, 354219516236810.4
276461990595178.94, 297099297024541.4
334234024259750.5, 35061858617377.5
299441443982378.94, 192871062018312.8
298707005705546.7, 196202264202516.25
268285566419727.75, 334185220963195
303279104902670.06, 175464528558420.94
269869790623950.62, 326999632608326.94
311860089002092.75, 136543636393182.31
271556192283847.8, 319350596508079
309120152084072.4, 148971207414203.28
268641832606481.38, 332569299330419.6
301632672413399.7, 182932275920468.72
286886166921626.3, 249818211543869.38
300880878566551.5, 186342198011530.16
288053507258481.6, 244523489301704.2
264097434300427.97, 353181391647161.9
274195969484272.72, 307377321349008.9
264800105143068.62, 349994277468041.75
266196172432274.5, 343662115120572.25
280391783891448.88, 279274877430745.62
273509489706781.8, 310490997482628.4
271974254588694.5, 317454385339667.25
308231960519925.1, 152999790580156.9
289890142417848.9, 236193036971717.03
304471726362584.1, 170055138365239.28
297604822227320.25, 201201453550186.16
265632346880822.47, 346219466728943.94
295884902565706.5, 209002517729648.53
291186021207931, 230315301030987.38
262955739367128.88, 358359793666054.2
309564111399857.94, 146957534803318.78
269034046252438.84, 330790330293398.25
292806763221469.06, 222964078326725.47
330830094787729.25, 50501110151188.19
329490141652206.6, 56578754730165.81
280100058225541.6, 280598061701110.75
276784329682208.56, 295637259022657
296893425969453.8, 204428143719794.66
284589929076478.9, 260233290341502.38
309771231156538.2, 146018098764090.5
295653783422987.44, 210050808126981.4
306380411767831.9, 161397886705722.72
293023387923464.1, 221981530571247.84
294347790031370.6, 215974421010386.22
308257225548770.9, 152885195627892.25
263041874239157.62, 357969110496495.2
283661611902552.9, 264443871808952.47
296355432478446.5, 206868328482577.8
267478461370063.22, 337846018867030.56
282895709343975.9, 267917786985355.28
280309281076318.16, 279649086627945.62
284553885065261.44, 260396775678095.75
294822009908696.5, 213823495138229.6
322094908483878.44, 90121419457940.06
305450370339875.25, 165616288896811.7
286999990144181, 249301941927282.03
287408770821169.44, 247447829570941.62
279818935896088.88, 281873152266842.75
284465119071760.44, 260799392862903.88
273108326250229.75, 312310560303418.06
275467609158008.75, 301609527114563.3
309792182478318.3, 145923069554587.78
296605887982920.7, 205732333872998.44
287805484131926.94, 245648451340005.8
270392197282586.44, 324630145263800.25
275952775534871.53, 299408951048078.56
291400320872673.6, 229343298980190.5
269124729397656.8, 330379017456159.6
300748458501667.44, 186942817591539.97
307310229753438.06, 157180497985294.66
285791605566380.8, 254782829119447.2
272283035241085.5, 316053844523465.2
267712004660148.84, 336786733229856.44
266669143778813.25, 341516852227342.9
292664761197632.6, 223608158934840.72
278927437248711.28, 285916735417448.25
284740850667273.56, 259548753126112.2
269270466695223.44, 329717994713625.25
283304727307589.4, 266062598364679.75
316354714354842.75, 116157299971780.53
300097124103050.9, 189897084328122.25
291559748978842.44, 228620178641496.25
309721819443889.94, 146242216175030.78
293738103504005.94, 218739784902361.78
279101246599320.7, 285128385862898.44
277341453460828.7, 293110304741058.6
284497875005850.3, 260650821304710.5
280833786787083.56, 277270078582688.25
287860034372214.56, 245401027035844.1
267280626133832.44, 338743342974220.2
307316215418777.06, 157153348717507.03
272362498102347, 315693423688457.7
297246391467132.4, 202827193069609.72
264035841290154.44, 353460759943759.7
293018724357590.2, 222002683173604.66
309027419508320, 149391815882794.44
294733590818683.8, 214224538867930
279278247829715.84, 284325558853606.1
266205002715067.88, 343622063480759.44
315347269931245, 120726780035956.03
282231038178923.5, 270932545483985.7
265946397885835.25, 344795021099064.56
289329234986674.4, 238737152820258.5
297466808645278.75, 201827443725874.4
277070302255719.88, 294340169135659.25
285279462600665.3, 257105763285371.06
269602893169695.94, 328210203204410.7
293138852620858.4, 221457815693781.1
305600352961974.9, 164936010575145.53
274306953141282.22, 187919338692486
266078523827426.56, 150891406780135.56
272412790707322.12, 179395607739665.56
284263547674178.75, 232724014090520.38
259741507033582.8, 122374831207838.67
257594239748676.9, 112712128425762.1
280647500593232.44, 216451802226261.97
276673105918923.34, 198567026191871.03
273301038703850.38, 183392723724042.7
287255275707097.4, 246186790238654.2
289968186522611.44, 258394888908467.47
289558987911811.56, 256553495159868.03
283537176026839.8, 229455341677495.16
282208222895624.4, 223475052587025.7
281902671048602.8, 222100069275428.66
276560451996002.78, 198060083538728.53
241816434841373.22, 41712006342895.5
289070904652337.4, 254357120492234.2
267179061398451.1, 155843825849745.94
251060305548876.2, 83309424526658.84
266852487782398.78, 154374244577510.5
283777528780406.7, 230536929068546.1
272104191047484.25, 178006909270395.12
279972226386634.38, 213413068296570.7
290396495338890.9, 260322278581724.94
287223282793072.8, 246042822125543.66
268674124179057.72, 162571608362475.75
285300654244516.06, 237390993657038.28
269683335838866.4, 167113060831614.8
268391067968908.22, 161297855416803
259323237280392.9, 120492617318484.08
287879021297931.3, 248993645397406.9
283624731667669.56, 229849342061229.03
275008635112088.56, 191076907561114.53
282718667209163.1, 225772051997950.06
274692931303568.28, 189656240422773.25
271589001425315.25, 175688555970634.62
280231817124399.8, 214581226616515.16
275942633382460.1, 195279899777786.4
269900610552492.56, 168090797042932.53
230642023196315.9, -8572846059862.406
289860999017048.9, 257912545133435.94
273307239371580.47, 183420626728828.12
277428074922877.5, 201964386709664.75
284126205928769.6, 232105976236179.3
266169153104027.03, 151299238524837.62
262232362927213.1, 133583682729174.92
288728687472365, 252817143182358.5
274511969832306.47, 188841913802095.12
154365493352634.28, -351817230356429.75
263951945824124.66, 141321805765276.94
285389253180236.7, 237789688867781.1
276508257959160.03, 197825210372936.16
284634533306368.06, 234393449435372.28
287743069937154.8, 248381864273912.66
282154817321766.3, 223234727504664.4
271077407509306.25, 173386383348594.12
276241900461578.6, 196626601633819.66
261603647473217.8, 130754463186196.17
277412661283856.72, 201895025334071.22
251182634740923.03, 83859905890869.66
280128414462591.78, 214115914638379
267267937693668.94, 156243769178226.2
267842387014045.56, 158828791119921.06
283876450591873.7, 230982077220147.6
284317752702877.7, 232967936719665.6
280688476529520.22, 216636193939557
287126864756392.44, 245608940960481.97
287109373956565.2, 245530232361259.34
284022321842546.6, 231638497848175.8
276589603121487.16, 198191263603408.22
266435747011389.78, 152498911107970
128228363677723.38, -469434313893528.9
266919781199356.06, 154677064953818.3
277997967979287.7, 204528905463510.6
278949816768955.94, 208812225017017.72
271573674722976.75, 175619585810111.38
272468685316471.6, 179647133480838.2
192768694213670.8, -179002826481765.3
272702636288940.75, 180699912856949.38
253721816105907.9, 95286222033301.6
262262580260616.3, 133719660729489.42
289813883556428.6, 257700525560644.8
239003640022143.2, 29054429656360.344
244897871011551.03, 55578469108695.625
252833887906910.03, 91290545137811.16
284935125402592.06, 235746113868380.28
245887234523074.22, 60030604910550
273885056416576.5, 186020803431310.25
275262307927951.44, 192218435232497.47
245761948786468, 59466819095822
282689858179723.9, 225642411365473.44
270154348573991.56, 169232618139678.03
275574270353022.34, 193622266145316.53
277964426129374.25, 204377967138900.12
274874768565868.47, 190474508103124.1
189531617724270.4, -193569670684067.2
281841856166848.5, 221826402307534.25
252165979403471, 88284956872335.5
264604683765052.94, 144259126499454.2
284157587661323.9, 232247194032673.44
278359971141777.78, 206157919694716.03
256781609197069.78, 109055290943530.03
271458890792358.62, 175103058122329.8
188634247206493.66, -197607838014062.56
289415173247098.44, 255906329168658.97
254978519469076, 100941387167558
277162902658115.28, 200771111518234.78
272553674504651.6, 180029584827648.2
240806810166338.2, 37168695305237.84
279925427014994.75, 213202471124192.38
287784453279933.5, 248568089316416.75
287531288532656.25, 247428847953669.12
289131144179689.75, 254628198365319.88
278535534328903.03, 206947954036779.66
278664102850994.47, 207526512386191.1
287368248374816.7, 246695167243391.1
278734208522340.22, 207841987907246.97
281864029812016.56, 221926183710790.53
267536029038024.16, 157450180227824.7
256723328334744.47, 108793027063066.1
283847332685456.7, 230851046641271.1
280614282846761.03, 216302322367140.62
264545954058025.66, 143994842817831.44
281852739955854.5, 221875379358061.25
279919506835658.3, 213175830317178.4
278620641237386.6, 207330935124955.66
284138147168021.1, 232159711812811.06
268884752702804.5, 163519436719336.25
279325808487399.9, 210504187750015.6
290306391282170.94, 259916810326485.22
283958128109941.8, 231349626051454.16
280067020262120.16, 213839640736256.7
272915918164321.9, 181659681296164.56
283890839256241.6, 231046826209803.3
259763656061769.62, 122474501834679.31
278862894616583.3, 208421075331340.9
265158357948169.1, 146750660323476.94
275724268452220.84, 194297257591709.78
283839597505627.8, 230816238332041.16
289062792949180.4, 254320617828027.7
289703320304555.3, 257202990927214.9
281364010351821.72, 219676096139913.75
277419083747272.53, 201923926419442.4
266633133730021.1, 395668009754079.3
267573221065189.34, 392954575854843.7
264841408855361.78, 400839579278664.1
262839842317884.38, 406616828148201.2
246088915729937, 454966093527049.3
265053537192490.53, 400227299760133.44
268478782237303.66, 390340797017150.06
267176860730242.03, 394098615912532.5
251238272244780.22, 440103178131933.6
261676119833513.2, 409975754409908.94
262718685880159.34, 406966529684362.06
266862680282723.06, 395005454931507.7
264120378915462, 402920733877920.3
268351434170123.53, 390708369847420
266191144672936.88, 396943750896117.8
-155384661609235000, 449661905108766700
266950734772339, 394751297654661.7
264050078242088.78, 403123647185156.6
264954570558215.78, 400512953454517.4
50246057327600.86, 1020239798461064.9
259987059094215.84, 414850997907426.25
271146933983557.72, 382639540840462.25
60884512393474.945, 989533348611837.5
267508004285219.7, 393142815197028.8
263639011557969.06, 404310135114320.4
262586705806263.06, 407347472170380.9
262184996874951.38, 408506950222121.44
-219629649101294.8, 1799199223835377.5
266773314463842.25, 395263397181459.1
257877356463686.94, 420940366863725.6
268249891497738.4, 391001458924531.6
267682800594229.12, 392638289486933.4
249088282432969.22, 446308830543297.2
260764623352958.6, 412606664706055.1
267684435755343.8, 392633569817352.4
197044872080048.66, 596525037698317.9
264976522504679.56, 400449592154496.9
263452922135842.16, 404847256855459.44
231689191164116.7, 496528934887485.2
266223559702588.97, 396850189333258.4
187814187912881.78, 623168148817186
225015839605484.7, 515790654158991.2
344393287743592.44, 198337577619856.5
268174229526919, 187007717614675.3
296798376159804.3, 191262658330374.47
276951713406985.88, 188312478731982.56
370783271506156.7, 202260413044021.44
218791523255963.2, 179667045060884.6
282668942454151.2, 189162337103858.47
222903280940132.62, 180278252284207.06
267839418020613.8, 186957948336711.03
282580057198247.4, 189149124430683.6
228872194015701.34, 181165523146791.6
1953874859980584.5, 437584838357787.75
302355370852367.8, 192088698081971.75
270594382962010.6, 187367470152324.06
161891585000279.7, 171208946130985.7
276704869675616.72, 188275785744887.12
251068946306691.62, 184465040379236.1
235655259859531.1, 182173816718171.7
259561052615759.9, 185727380506259.78
203143464177074.25, 177340982224833.53
237109134471887.22, 182389933214603.03
315301370757107.1, 194013103473216.78
266523720714403.25, 186762371710112.16
173452142829622.3, 172927407429942.03
224387260461009.88, 180498843834607.75
508498053040892.7, 222731529218103.8
382500899859337.06, 204002222664088.8
263869830404554.8, 186367874501891.44
318709836306802.1, 194519767271144.44
271873497820982.28, 187557608847576.6
204146659406147, 177490105839965.97
396621076745049, 206101167876829.78
326599745158503.5, 195692591559910.84
298826326270965.4, 191564110373925.44
283218624098807.3, 189244046537523.56
270042640558730.03, 187285454389674.25
314893494395222.8, 193952473203206.97
213248790914832.62, 178843125388554.38
263230977432017.97, 186272909870838.66
336332967796110.06, 197139421951987.5
351530182278222, 199398467347977.12
273398947585795.78, 187784364893697.53
286512185318207.44, 189733629962029
161517909064750.03, 171153399708136.7
170789854346764.53, 172531661844652.34
274718475959353.28, 187980511003280.4
347548059570416.2, 198806530188708.7
277813757000262.22, 188440620347199.3
314539553482809.4, 193899860364875.22
271646036802461.03, 187523797074553.2
439511816336886.7, 212476818356697.53
165128509572659.06, 171690110594447.47
299031712362122.6, 191594640738827.2
286406575440402.8, 189717931196409.38
288163589210507.25, 189979108918992.5
295129690460109.3, 191014610456095.5
418928644143635.3, 209417157625268.28
255013202971668.25, 185051348802408.3
275154653445387.03, 188045348197150.28
534112088750899.94, 226539021012834.62
239359672175686.25, 182724472603005.56
279535757546524.8, 188696593401373.47
294185885750187.4, 190874315161377.38
559109756212459, 230254890500363.7
464364279392872, 216171103405560.22
309080399866969.25, 193088364557115.22
347571215448606.44, 198809972278709.94
383521519832313.8, 204153936443855.62
225863768661642.6, 180718324783350.44
278439970829920.38, 188533706186743.1
296122334605004.7, 191162165666823.2
303220094107314.4, 192217238025274.62
289192374893112.56, 190132036520460.84
300391805914394.2, 191796816807408.12
288600946984479.94, 190044121561069.5
375786641803819.1, 203004157277457.75
438286024924660.75, 212294606119745.03
296725988126306.25, 191251897947016.66
286417190933198, 189719509175068.12
279303619721990.47, 188662086427456.22
276467456099875.5, 188240494537682.34
358299477516142.2, 200404713937397.7
295648741129058.44, 191091766636614.97
289750448856515.5, 190214993460966.7
218273687651287.7, 179590069498027.4
239513323771942.66, 182747312705151.8
279552424780914.3, 188699070963242.2
282787700368448.9, 189179990307335.16
193706211255914.7, 175938147331147.66
510516168183174, 223031519306821.3
285087655253868.8, 189521875493005.7
296857434866043.5, 191271437327247.88
289053564611160.94, 190111402559630.2
308758685616406.2, 193040542168518
267232996450387.94, 186867804589785.56
362900992564199.94, 201088722931027.88
454269650073548.5, 214670550398633.75
309848936917971.25, 193202606551183.06
263286703042410.34, 186281193407518.62
303813633753468.56, 192305466891594.84
275198167095392.84, 188051816442421.44
253636280943374.94, 184846671203607.94
625411615607946.1, 240110572302395.56
195102317015658.5, 176145676565704.16
349632015397953.9, 199116307406315.62
1076122092198742.8, 307108075579405.9
317394214739880.44, 194324201903088.5
277621325540758.4, 188412015670786.56
269013120345044.22, 187132417601153.38
191804490422881.6, 175655459099210.28
272025782160150.06, 187580245708804.25
283166473212611, 189236294378764.66
275824966984681.44, 188144989398937.28
293197586592408.94, 190727405827113
260767299975423.47, 185906687546209.75
293294095829442.06, 190741751794780.1
288503357301407.9, 190029614986558.78
316964436868517.5, 194260316003291.3
281742278979043.9, 189024589830531.72
285051778657753.1, 189516542485474.97
254988192030335.25, 185047630959777.72
239575915268173.9, 182756616846483.47
291127574222033.44, 190419701285570.7
204882139119448.4, 177599433905456.72
269398587187103.16, 187189716726324.3
256116970198746.44, 185215422309136.16
268668126590589.2, 187081134745761.4
320100609204119.8, 194726503782907.88
285046866752674.7, 189515812337422.78
477082859515472.94, 218061703153514.4
332975610830173.9, 196640355375969.94
316279282771107.3, 194158468772595.2
287293165566480.9, 189849721620556.12
354914222770957.9, 199901500394194.6
309721175279557.7, 193183614956283.75
280095790406486.03, 188779841529205.53
556461758758219, 229861269257165.84
832655872129709.5, 270917150974549.56
229595752504646.3, 181273079138391.53
307385377649829.56, 192836401795107.97
351431928565449, 199383862066348.7
343692834041037.2, 198233456123530.72
326641393367186.25, 195698782509850.2
277957766123635.22, 188462027108781.78
257252325016105.97, 185384191268473.38
202627755227629.53, 177264322786402.56
285409329398585.25, 189569691919923
283973892230137.5, 189356316124613.2
298164697385437.56, 191465760134184.8
352521959391233.25, 199545893675586.88
227670557573476.3, 180986901513487.88
319330724134938.1, 194612061407759.25
277928042815830.75, 188457608779243.28
296587946847317.56, 191231378297437.25
281941860158721.5, 189054257303186.5
281306949685139.28, 188959878719275.62
320489167497221.4, 194784262448098.62
418868854303975.06, 209408269946399.88
187515421207526.88, 175017894756387.28
205490025908464.7, 177689795455175.34
275193941819412.6, 188051188360856.78
276600273784193.62, 188260237706972.9
302065132612241.2, 192045554559790.78
1565523995884453.5, 379857007208362.9
304237923849048.3, 192368537040937.78
818594704382196.9, 268826977390459.88
286687116627077.1, 189759633264698.8
164508748452428.12, 373182459136209.94
268738662657228.94, 324451590157342
302666092882240.75, 308589414987206.6
270981380937911.38, 323403046545594.4
272787744235487.53, 322558513055818.5
247976824263680.28, 334158423691988.1
288870279171104.44, 315039405813192.44
322071578537951.25, 299516720394926.4
292750243437201.6, 313225396545926.2
303743172654142, 308085845223720.3
276832220172872.75, 320667589240937.1
274648377183807.94, 321688606742318.06
274736283373035.6, 321647507744757.06
260394987255656.84, 328352529306128.94
232544598848724.4, 341373490119759.7
322381710854268.6, 299371723467816.94
308306099164817.7, 305952528933014.8
262147532953318.72, 327533157291637.7
253385575615406.22, 331629656826246.1
270342669463424.03, 323701664897302.75
294593676891684.9, 312363531554219.75
254250107268938.4, 331225460209010.3
282571395599015.25, 317984338392351
277126303402572.8, 320530095782895.5
327678851262640.25, 296895138341825
280357586417622.62, 319019366061573.5
268564917804814.72, 324532821516912.3
246064648119902.12, 335052428122845.44
321637484130986.25, 299719673624156.75
255717229344548.38, 330539533004829
277182929314568.72, 320503621330533.8
268074143897233.8, 324762274252924.1
263942737927335.5, 326693840680409.06
289363780849624.8, 314808677755702.4
216560987148635.1, 348846347537983.25
255728352522440.8, 330534332558022.2
288662621757558.7, 315136492396148.9
272454856491204.53, 322714148884314.44
280567286297401.03, 318921324559339.5
271366622408999.06, 323222933650020.9
177516486847786.12, 367100919107211.4
326916291709166.44, 297251659691501.1
272517309517713.1, 322684950066726
237284445186751.1, 339157458065617.4
268882731335892.12, 324384233372512.44
314709420236313.25, 302958768432055.8
272666115172946.7, 322615378591551.9
270312891135949.25, 323715587232226
236476569996620.5, 339535165946717.4
276093250760175.47, 321013081433886.5
203945313032136.28, 354744584787255.44
307777285015063.56, 306199766717315.44
280305335037858.03, 319043795278086.9
279427081470902.03, 319454407335365
296963729842255.4, 311255454850056.94
300760462673565.5, 309480358980872.94
262368389508107.53, 327429899681606.56
316800417403585.4, 301981159366837.7
230742822800734.28, 342215878921417.44
269178723445891.66, 324245847450954.25
304589046034681.2, 307690371954896.8
237565506298529.56, 339026052870500.1
277493231891613.44, 320358544801006.4
327420859217635.75, 297015757999229.75
271445817910316.62, 323185907181872.44
323737173567380.4, 298738000640907.56
297714655528706.2, 310904372710937.06
250957918349398.3, 332764665418145.94
280135457468032.06, 319123218557486
304789280784420.6, 307596755708265.4
286469041145316.1, 316162062552522
270552560863024.1, 323603533853333.9
275203687903204.94, 321428980951431.1
-608355205122851.1, 734521450418158.6
268135174503890.72, 324733740462798.8
311113280481621.9, 304640080525158.3
-1555548697440145.5, 1177365161111958.5
264065809798986.7, 326636300584572.1
320902803996088.44, 300063160440472.6
235764460364431.78, 339868100320208.2
254730831185991.88, 331000706169868.44
237509867410787, 339052065856977.2
268524080199254.78, 324551914423407.9
270287515940778.97, 323727450959838.06
267356220019610.8, 325097926974929.7
316805970421146.44, 301978563150835.1
307820400243266.56, 306179608948285.44
302640359256448.3, 308601446292771.9
279339579330348.62, 319495317427052.25
263247005788078.16, 327019118044217.7
259486439350291.38, 328777304950195.94
286162752950746.44, 316305262227905.25
317354919909162.44, 301721911442152.3
274352837822117.5, 321826780989342.1
258461925501730.34, 329256298437834.9
157019588301938.6, 376683884661114.1
315338563437464, 302664623558790.56
318365678649660.3, 301249348914127.3
289305269650651.7, 314836033640936.56
322491111786273.56, 299320574980126.3
300424578275460.3, 309637395842324.75
326814021375175.25, 297299474393107.4
253611303422609.1, 331524121747553.9
323470664527904.94, 298862602269753.25
-815413706245515.4, 831328022371612.1
259153128031610.34, 328933138813475.4
231483371037003, 341869648577187.9
325319233412017.7, 297998336297960.25
263248863891047.88, 327018249320751.3
290636059903179.6, 314213845990404
254424580006254.53, 331143888539615.75
144652121881231.47, 382466076753912.25
323255791172829.2, 298963062539658.75
218621380912423.44, 347883046557510.8
230285553555642.62, 342429667139901.8
268658483847013.47, 324489076354325.9
293342881262470.56, 312948319121125.1
251526139530719.56, 332499003567138.6
270462519729525.2, 323645631006658.06
263919472119470.47, 326704718200969.3
304208939007248, 307868084331359.06
273463641986103.72, 322242508912673.25
276454758230688.78, 320844064954166
260327296342714.28, 328384177005686.5
307077780195162.56, 306526807931814.6
289985986478039.3, 314517776422937.1
266678555313422.4, 325414757227173.6
297775671743330.06, 310875845649554.44
-2349590636680343.5, 1548605548289194
260308043329758.16, 328393178414341.3
295910403015932.3, 311747919340285.9
-48195085674147.56, 472628407559024.5
289679639752321.3, 314661003463532.56
254860988096865.28, 330939853588161.4
271808573481616.78, 323016307174511.3
272766244203756.7, 322568565018705.6
118934317663079.9, 394489985219541.56
253333628637917.16, 331653943724812.44
-3252957578861379, 1970958923854353.5
256085169198400.4, 330367509177054.06
306492966784004.06, 306800227188979.6
231677716159729.4, 341778785922406.75
326172953084048.3, 297599194633114.75
272291075565915.34, 322790721784449.6
265998952165360.28, 325732493763929.94
137213359273471.08, 385943939791306.75
785242651675467.1, 465421498834057.94
282683040514479, 160951077473751.25
302358559566452.8, 172871282446844.88
269378814043622.03, 152890852677538.66
435895351154821.06, 253773134285053.38
192061055200176.5, 106048706808881.86
284669518241127.6, 162154563979677.06
184250932811606.12, 101317026821645.78
368722727884438.6, 213077311427814.38
295647493913934.25, 168805454350793.47
280142585498205.2, 159411969690169.3
180388890582809.4, 98977249412958.72
476720616214287.3, 278506689029109.56
305760897771200.2, 174932553038042.2
354226302082259.4, 204294805284888.28
452636713234707.7, 263915711311554.03
256909954703716.88, 145336726216136.25
277157596466270.12, 157603545678121.06
248190460259482, 140054112793716.56
239085220203246, 134537799474975.05
169849170760744.62, 92591871710539.9
270057954700505.12, 153302302856526.22
319111921705913.1, 183021129582430.3
257321428482831.66, 145586013250198.47
115704298704116.45, 59788774041195.836
453511334654844.94, 264445591442002.16
374926857052488.94, 216836017420136.84
258921378016224.28, 146555325741231.94
270061631072380.62, 153304530147516.44
325883316951817.75, 187123507724109.78
272662801852707.84, 154880421934138.06
183810539295465.16, 101050219070991.03
377351719066378.9, 218305094406654.1
3166599118072983.5, 1908141109863210.2
330916499086076, 190172807849244.34
281976637688455.25, 160523110798131.03
269430572593340.22, 152922210047075.94
318069556134576.5, 182389623433372.38
278136967641644.44, 158196887339114.25
260944323736428.22, 147780905995078.12
338531697629633.2, 194786395288041.75
348435223140786.94, 200786341400638.53
250852673796560.12, 141666986688442.75
289130741238889.7, 164857348715547.53
109636902113572.23, 56112906033785.836
275199622047821.16, 156417327599790.66
342764070230465.4, 197350533433071.47
284957493739285.7, 162329030887320.28
287573093964129.56, 163913664600181.88
306988296161118.56, 175676159361861.34
282459140799725.75, 160815430201309.5
414507219698822.06, 240815361213170.75
318131123520774.06, 182426923382674.53
287787782396079, 164043731314428.62
265863002262777.28, 150760835321260.44
275371464682755.66, 156521436641393.3
382644715746261.2, 221511800424393
238004810904435.56, 133883244936279.67
292309411722988.06, 166783112585475.72
467018991001568.7, 272629062075418.72
230910311084766.44, 129585117308304.95
267354036998292.75, 151664162934747.9
298050794486739.1, 170261468566434.38
359212949166778.5, 207315912642662.62
407229610429789.1, 236406298663318.7
316113623290298.3, 181204642221145.4
346558312338129.06, 199649234855962.62
1497719584962693.5, 897068108051866.6
360993329188812.2, 208394537035573.53
296424303075313, 169276075959512
285472539752381.2, 162641066063137.25
276833928398068.66, 157407454804685.12
322411822831804.56, 185020339753590.8
277668887261317, 157913305794828.28
312174857805821.44, 178818382840039
262534766433540.78, 148744458869971.2
369916696148996.5, 213800664464006.38
271586786212788.5, 154228529247179.62
405450529352707.1, 235328461222458.78
302619516159065.8, 173029380236530.12
287667136086139.9, 163970639024465.5
277784881772193.8, 157983579841563.88
267861241532849.22, 151971447433785.78
353176260792847.7, 203658648883273.88
298841130374179.06, 170740285198971
310364526741049.75, 177721612924885.34
856519565381112.2, 508603862611930.5
1107588725352060.8, 660711455879001.5
267626397967387.47, 151829169945221.34
230388001827110.12, 129268681772644.56
265350325562664.44, 150450235568637.3
290179474880798, 165492712892762.03
158105380849386.56, 85477020888330.28
428167420821491.4, 249091249484568.97
292320566001262.3, 166789870286911.94
302496717465153, 172954983947517.25
287583151242912.94, 163919757696087.12
386196116133819.56, 223663378761380.9
413789804322070.4, 240380722700248.22
285331202276404.1, 162555438249224.12
245514478981484.2, 138432897858871.19
290816980720870.44, 165878939058645.34
266844530383768, 151355483744926.3
250711596839901.78, 141581516707401.56
465976643314164.44, 271997566761151.94
139718771282013.66, 74337688084739.39
354345989711610.94, 204367316768364
427340988608402, 248590564275179.06
307691623915566.6, 176102263037913.8
103348314326897.56, 52303031681274.91
287530321751213.25, 163887751507685.12
283707846555760.06, 161571945367374.1
241861808385037.12, 136219966037666.03
291126634408887.5, 166066539468173.9
286078210507086.9, 163008005279491.78
2112288386168086.8, 1269398111701849.5
285650196636289.5, 162748697605943.03
300330601336939.9, 171642665417285.94
276857737388102.72, 157421879229304.3
235259752417897.56, 132220180305749.36
324074475169992.94, 186027640075267
286792777299989.1, 163440918008038.4
272941697271966.84, 155049387772083.3
288780143908256.94, 164644943033485.34
232591111073364.78, 130603412191908.33
281541834085790.9, 160259689637392.75
172242442246106.2, 94041809909700.56
263019979198375.06, 149038419888082.44
3430165860144900, 2067820230972473.5
282970394175199.7, 161125167647764.5
312059340114222.9, 178748397669216.5
290233918695535.6, 165525697101690.66
397341903111986.25, 230415935835744.7
857310057433427.6, 509082773855304.06
335682519234134.8, 193060250712666.8
320124537973059.75, 183634612430409.66
297497778507339.3, 169926429688403.84
348099536243687.94, 200582969046921.62
282108425306316.44, 160602952931579.78
442900293476779.1, 258017004450911.16
567265019538728.8, 333362057466544.9
247420677479305.62, 139587748043682.7
360608329504840.1, 208161289051853.25
343824654686028.8, 197993077300310.62
332327783228151.3, 191027819409771.7
274881686202260.22, 156224709532772
241258311851960.22, 135854344050473.44
259325241190175.66, 146800001970706.12
288192531007031.3, 164288943976538.4
288236178027990.1, 164315387062228.8
313073855996785.75, 179363031379090.38
349089670544236.44, 201182831433385.34
279505544170844.7, 159026024944396.16
323342984987234.5, 185584474490092.16
272001698128765.88, 154479899240071.03
302366468561783.44, 172876074027957.6
284006994523742.3, 161753180997611.5
172121503167536.8, 93968540248961.45
327333898462664.44, 188002327179586.22
486152956613867.06, 284221172628855
261971406900377.6, 148403153459368.66
272362087485545.75, 154698237317536.22
267374883229325, 151676792403183.5
309145720862072.4, 176983212282877.16
530634141104657.1, 311169627466340.94
447272825974274.5, 260666056985890.12
300440015846156, 171708953039657.78
267419147724756.5, 369082242285088.56
317594801949742.44, 378417247722295.25
289026942136354.5, 373102297059339.4
269315409267017.75, 369435035130160.44
274280702536709.03, 370358810622196
483309106898723.3, 409247816084896.4
297791848416844.56, 374732977297570.06
348639157002293.9, 384192941685560.6
267228848731829.3, 369046837821288.1
3177484251700508, 910489703489879.5
260293681747458.34, 367756574196288.9
479932214767067.06, 408619557083658
264604798123049.75, 368558642359189.6
274018018701945.97, 370309939211077.3
262981362717818.44, 368256607865193.1
272014923577429.62, 369937270350702.2
250579276857477.12, 365949243053966.8
390978449864308.9, 392070019427330.9
296712948731724.06, 374532251774756.94
308998249216225.75, 376817889074199.1
274218516255987.7, 370347241081596.7
269367732315590.97, 369444769650825.2
297521427405654.4, 374682666411767.25
306095977295669, 376277931507583.9
283329682068864.06, 372042341697945.75
287033665249820.3, 372731454847891.1
267488533030364.4, 369095151179155.1
266055140166500.66, 368828473437040.94
254477399280578.9, 366674475132683.44
363777325550703.1, 387009345136427.44
263663686519540, 368383551828304.06
281905512339584.44, 371777379887847.25
253611352875895.38, 366513350220184.2
380285629585881.94, 390080657515065.4
296971075080173.9, 374580275281445.25
262298389306481.88, 368129543044479.3
535271498836469.2, 418915237840756
291186626357722.75, 373504098774942.75
273300240081096.72, 370176399002547.2
266819808134790.12, 368970737245094.8
267629269038161.47, 369121334622466.25
249255986414259.34, 365703049483135.6
244610057041375.06, 364838690530040.9
271944943340930.44, 369924250771818.56
1912901897544100.5, 675218567832873.5
251807943882997.53, 366177832268017.1
257850676789214.03, 367302061645917.9
296548692168534.44, 374501692414163.5
400776754049601.5, 393892959740873.7
396489699421966.5, 393095368182243.9
276664692492635.94, 370802343637252.2
404509493204498.1, 394587422839459.1
412601754680792.1, 396092959858304.5
319400103854228.44, 378753117844060.06
313997718833052.44, 377748022956399.44
269039196013294, 369383646617839.75
343531159930601.56, 383242616648966.7
260796835988788.88, 367850184287699.25
260995963964275.7, 367887231352906.06
526416523456195.8, 417267800560705.2
261203773902721.34, 367925893667035.5
266630077764043.44, 368935438571467.5
283831614933654.06, 372135724556511.4
240813007690180.9, 364132262743772.2
277618151025614.16, 370979731271294.6
321778855143979.44, 379195676223548.6
401568414270040.7, 394040245363280.94
279105653012130.3, 371256475826925.56
267719889732979.44, 369138194286618.44
619898630612678, 434659820496794.9
589151133214550.2, 428939355864585.06
271436091724052.44, 369829580703562.25
352400716899539.94, 384892766782722.7
269899354864040.3, 369543676171466.94
700367193258341.8, 449630715872732.3
267421530158138.12, 369082685528508.4
264565322689796.06, 368551298092537.75
600131513330028.2, 430982217281418.2
278175795110609.06, 371083479008037.9
482575989379253.25, 409111422127785.6
335917689534628.44, 381826157040413.56
403174404590437.8, 394339034260099.06
243489539421243.34, 364630222135597.75
303213961180063, 375741742462820
266073510262360.72, 368831891129294
278592003672428.1, 371160913159074
271837933525340.56, 369904341968918.1
295193019766050.25, 374249474292771.1
549293440890546.6, 421523971246165.8
679795360732510.5, 445803398193507.9
275968943934747.56, 370672902045086.9
536984008219687, 419233844237633.75
332590815342924.94, 381207203702422.25
345213936074347.9, 383555691280361.4
322778508534214.9, 379381658249638.94
358502793693311.75, 386028036883889.56
246948746460684.88, 365273795538284.56
353788173953661.44, 385150898327675.5
264456417932805.62, 368531036742400
352970537179162.56, 384998779858001.3
280641001692740.94, 371542122093085.7
300849510794315.94, 375301844716634.5
572487114652323.8, 425839073341380.1
247041413024708.56, 365291035829265.7
711437575134082.4, 451690321803102.7
263570880591049.5, 368366285609050.06
429321939575744.7, 399203691931784
267219697990163.44, 369045135357722.44
350088092041795.1, 384462510995235.25
569057156753651.1, 425200941639301.5
591970051545791.8, 429463805786676.5
329450421035961.94, 380622944296475.6
282950458391214.44, 371971788455592.4
251614083855119.53, 366141765286086.3
281220598979015.7, 371649954146346.06
295694478123843.5, 374342768870965.2
296206033363695.4, 374437941938844.6
253813114173759.53, 366550887205833.3
267426340584971.12, 369083580491640.1
327204930913866.56, 380205178692364.9
268311452058084, 369248252393614.6
548439355295918.56, 421365071600653.6
260010603653456.94, 367703908504381.7
940176313339333.8, 494246366120358.75
1185140518438354.5, 539821101952734.7
284750686752292.1, 372306714662304.5
324895427816593.25, 379775503697523.3
261233866623379.72, 367931492312739.4
351920233182619.44, 384803374463295.6
333617089538746.4, 69477683307719.98
286669803336787.75, 153791176894911
274314989298167.38, 175979414352025.12
293656980243821.1, 141242777551667.38
239896496603446.38, 237792217558871
285077157088094.4, 156651439545625.62
245835696021632.56, 227125900236414.16
262942951005166, 196402666796599
237554540064490.53, 241998180322710.06
268408957251114.1, 186586165783467.75
280578538141581.7, 164730591939362.7
250763666843292.6, 218275666924045.16
322858536242017.7, 88799166779395.98
234899054625638.47, 246767215396566.84
251876212181881, 216277626315968
269627500879692.62, 184397760899490
243182471263049.47, 231890875313053.22
276956384078483.84, 171235684950640.44
253000055439294.16, 214259295567960.7
203931446857089.5, 302382510980899.7
255747378254619.78, 209325328062886.1
263459846375828.16, 195474364906430.25
213352761895374.25, 285462598259082.1
232271733935097.53, 251485668881619.97
211010172048462.4, 289669698392311.6
303265931129322.44, 123985886165460.94
60793389682209.45, 559446776927623
267035566299391.88, 189052663819213.78
222503658201437.75, 269028335505335.47
243516660413211.66, 231290698880108.84
264720341063097.38, 193210619345620.22
290787652233638.6, 146395856427097.16
190229386091808.84, 326990293579771.06
272055132511433.53, 180037932662894.06
226561004354172.3, 261741673026955.03
-43921049678697.76, 747505361902313.5
180973611104024.16, 343612909884364
235859760890758.66, 245041865369412.22
277210373602117.4, 170779540500033.22
282044717382012.8, 162097453711649.62
269979932114639.06, 183764823171422.88
285525677024536.06, 155845934353648.7
263746966218360.06, 194958721107597.44
231238757452946.3, 253340810318952.75
270754108192226.28, 182374466134123.4
291140820588813.3, 145761594891273.25
213196045013478.53, 285744048985752
-803822126241528, 2112225662668213
240870773854602.8, 236042495148630.84
274917925985612.2, 174896589280695.7
274058455101056.75, 176440128828468.7
255526923130145.9, 209721247470104.5
287895599882506.2, 151589746363824.8
280042275262716.4, 165693676293243.2
293119955401753.06, 142207230329259
207476881725283.66, 296015199380877.5
281661384479776.2, 162785888311584.8
238290048424498.2, 240677267349635.1
217089227827466.16, 278752210462672.22
233705427046123.44, 248910873090389.75
253432802272461.28, 213482117581864.62
288517899246533.5, 150472147505979.84
277228092683888.38, 170747718475628.22
280329741210214.78, 165177410918144.06
260340177221361.78, 201077036040982.12
232689954850944.75, 250734578257241.25
250762295264075.7, 218278130168353.06
246289952704725.38, 226310092315757.7
274967183191049.12, 174808127360727.28
197526863631849.72, 313884619630309.9
308484860908472.1, 114613114317192.1
263013151939424.28, 196276591649359.66
244003638573668.44, 230416125857247.72
276223501875866.72, 172551881559422.22
289025062243250.25, 149561324164937.5
280795708985282.16, 164340570832308.78
200552383693984.84, 308451032579944.75
280291537477074.66, 165246021704191.62
276850297025080.66, 171426208638384.94
318560715768571.6, 96517701507217.48
206908825059387.66, 297035382780854
288303731404450.2, 150856775467272.3
278319716948755.6, 168787250408111.6
273784230267456.12, 176932614243914.72
-5770805324686.752, 678990637348171.2
220945068937733.16, 271827434591172.28
307316152485329.44, 116712019240387.12
246693591379724.03, 225585190205556.03
254488751363479.44, 211585719214321.84
224287879853989.78, 265824019068099.2
296945248234887.3, 135337316669752.58
246792615894506.28, 225407350260640.97
274623672407821.34, 175425044685707.8
302961154113519.1, 124533240806087.28
227095956504407.75, 260780942634695.47
309505461314623, 112780199302064
273761285549770.16, 176973821083840.53
272323680521046.72, 179555642359915.28
292985779000452.9, 142448200192818.5
269971891642625.38, 183779263202794.44
-52227380528574.08, 762422854040866.9
296281401363861.06, 136529531458534.42
283243082255984.75, 159945288223700.06
265404270799750.9, 191982337369589.38
285715264843331.3, 155505450107649.06
272991184907147.94, 178356858972631.47
136028387812410.31, 424330861918282.7
242599418767407, 232937989999104.97
255340420922814.6, 210056190209801.56
234201717894554.72, 248019575240145.8
295196035421136.2, 138478760090366.84
243135118416545.88, 231975917159835.16
291342931230357.75, 145398620677887.3
270079812018914.22, 183585447016806.3
228472234906799.9, 258309258973256.5
268388058059445.56, 186623699025647.94
284820308561211.5, 157112718532680.56
255108515724430.78, 210472673015062.25
163149489394020.78, 375623577445186.4
281707900237327.56, 162702349808227.22
146757703646367.97, 405061886543011.8
269885052409486.94, 183935219376594.06
309317827094190.4, 113117175044881.78
298514452552020.7, 132519153814492.64
284355193100253.7, 157948027931951.75
263697224725865.28, 195048052767588.06
279901953147867.38, 165945683356645.53
286887235633153.5, 153400686240213.3
289811625189235.4, 148148721323168.3
118736527070766.08, 455385632229807.1
277981762543998.12, 169394188930941.3
-69870926363907.586, 794109222071669.9
276496597691457.88, 172061423768156.47
245579783347810.3, 227585498507768.4
-53627622995836.28, 764937575206562.2
282096418732578.1, 162004602306552.75
233136964164468.7, 249931786020708.5
269092449848882.06, 185358668873190.56
219840726516626.12, 273810743429078.78
241185224992050.12, 235477766575256.1
265365766029885.34, 192051488793021.44
319493338098883.75, 94842787934412.03
293408524225106.7, 141688984279154.5
175307869490209.78, 353788119313255.1
229526731321725.1, 256415469493390.84
66758441213086.48, 548734031321150.06
196354579165223.62, 315989946835679.2
222921453001708.94, 268278010149746.4
255456764748432.4, 209847246196447.1
281995341291459.1, 162186129139582.8
258743884107889.53, 203943848163136.34
211135170580679.75, 289445211232411.06
278975905056778.47, 167608790132478.7
292611329709542.94, 143120680552003.7
252898545389095.6, 214441599331582.62
232163972854333.03, 251679198985850.1
276408004875925.66, 172220529232785.75
227409438571870.66, 260217954431904.94
261593160864515.34, 198826779702257.34
303898224174829.44, 122850339471489.17
290008327381307.7, 147795460243528.25
291505857933052.75, 145106017619986.06
238907208564877.4, 239568898117933.62
228169875226062.78, 258852272277437.47
285064508468519.75, 156674155433841.25
260940756891244.75, 199998443980784.12
242743505411572.78, 232679222148358.25
231881525163186.34, 252186451982195.16
229087088410194.53, 257205032273282.5
275408942066405.22, 174014764482536.75
205351536848654.12, 299832145281763.2
284285337846984.2, 158073482264354.12
271727716216190.38, 180625945601289.94
194131164946883.16, 319983017268617.2
293763389260443.44, 141051675644264.03
260076109193843.44, 201551280661831.38
39738244128723.89, 597260099554291
207868628510787.97, 295311654133441.2
210044983495873.3, 291403098241859.4
300913267810515.44, 128211077431889.83
274188298195169.2, 176206941230879
218757814015554.2, 275755565879983.5
273756363194756.72, 176982661231619.78
210856625168304.4, 289945456054636.1
229821050054379.38, 255886897075562.78
252422371272329.5, 215296769173938.03
212218391279739.25, 287499835283079.75
285542305025276.44, 228494278236889.62
308395485882573.25, 152902987708907.88
277877472074620.72, 253847187227520.1
293775047651691, 201262898780287.62
273967738019557.6, 266779384486575.03
305540079168703.44, 162347794531708
285749023746079.3, 227810516314233.97
275800377394423.75, 260717577323556.22
276927176542523.22, 256990472449073.34
313457327474182.1, 136159973213586.19
285458499617868.7, 228771480738315.25
286735002018968.6, 224549203565446.25
284792253895237.94, 230975216590093.9
276904949449789.16, 257063992832732.2
275627161382651.72, 261290522593263.7
281014666753419.6, 243470312520723.8
281722158895328.1, 241130146205180.2
322188143354895.75, 107281120685071.9
279969611266040.66, 246927034517438.75
273894564762242.56, 267021419106924.75
312556519998321.3, 139139567172202.73
285444323691755.44, 228818370340074.5
286200998143121.1, 226315524077864.88
272639346589511.66, 271173294601342.38
280500715318777.53, 245170305727616.78
275834096970429.97, 260606043341381.78
276944042867312.34, 256934683836309.3
297184511291756.56, 189985442124686.12
284994313562408.44, 230306865383299.2
271598167725925.44, 274617193919358.3
502747975832292.5, -489955248278625
309845158240100.25, 148107917603241.62
275263024524577.75, 262494975277662.22
285369125551049, 229067102651641.94
288507145726815.75, 218687497454875
280770774448926.06, 244277033220202.4
274144001838380.66, 266196358008929.53
273493354171415.97, 268348500291966.56
298985971997511.5, 184026764405650.56
289214350301426.25, 216348282323471
306412949569711.75, 159460607820680.5
303821272943130.4, 168033076662449.7
274500639130565.1, 265016711580934.84
375425264414163.25, -68810895126351.375
272193907040740.22, 272646671570355.6
275189300708265.9, 262738830977770.62
296301863939664.1, 192904967981607.28
284056030275318.8, 233410417794441.75
294054415102582.9, 200338837211952.94
296270998081290.5, 193007062743920.03
277007695502126.22, 256724140505771.12
277879196937839.16, 253841481910720.62
311324303890689.25, 143215358912831.88
288935314556316.75, 217271246711140.9
289728206681434.56, 214648603528058.9
294200548405194.94, 199855473211005.38
282844375587762.8, 237418198684050.06
276784734086780.3, 257461628264222.97
287432760784324.56, 222241232264653.5
303807446761902.9, 168078809415740.66
296584329912724.06, 191970657455332.1
295651742427927.25, 195055369905044.62
293499486714572.06, 202174369572296.4
294762272697735.6, 197997462089524.62
279207833194061.97, 249446761986291.34
294392542513492.25, 199220415775868.1
329508532093457.06, 83067527165215.28
297885716105379.5, 187666072356548.75
284342226948486.9, 232463767260116.62
281875877449621.1, 240621692525595.66
285809492393774.06, 227610504633397.5
278761880468369.53, 250921836386658.62
294353295402639.75, 199350233142534.06
284565116097007.06, 231726518538088.3
298767236666992.44, 184750273575829
289485625649919.25, 215450986939994.2
530643537313011.56, -582225182407157.2
296805451024737.1, 191239256854058.12
295849991166695.1, 194399624076812.44
302413729676090.6, 172688796699581.16
314107537012122.4, 134009280126553.06
309479023255066.2, 149318979476815.84
299952001230685.3, 180831436942075.66
282591331094270.2, 238255192008679.53
299273846122790.3, 183074565375882.2
284893278818820, 230641057227476.3
276921708367924.47, 257008559488130.75
308332396350830.8, 153111668467748.25
283391969280818.44, 235606927237789.2
303666911505100.9, 168543656803624.2
294411495673136, 199157724555508
292313835656466.4, 206096138456799.84
297522376430211.6, 188867888205180.94
285874892749757.2, 227394180378991.75
310322550158609.9, 146528852026632.88
289114760386052.6, 216677695120476.1
401854415266636.9, -156230394099918
360503155418907.44, -19453149988197.562
271236220689294.25, 275814403348215.3
294971781448423.56, 197304471606479.9
280142167090341.1, 246356272944752.7
313705037943851.8, 135340623198524.94
293197505593355.6, 203173230204012.3
305888297974217.25, 161195993867316.2
284542416069592.56, 231801603244151.7
291649318639901.8, 208294156280821.06
308432938938226.4, 152779104524824.47
294164469547955.1, 199974810969567.8
279593958411161.94, 248169578575883.75
277178548017602.88, 256159012954579.1
290862452897784.94, 210896866043207.7
333795864239554.7, 68886351605046.19
304889099221532.2, 164501035895428.3
276196033312875.7, 259408869285599.8
279438857434162.12, 248682604884421.6
311533535532836.2, 142523285019576.62
292293446964980.3, 206163577974792.2
274696597558947.34, 264368541394747.4
286449719282906, 225492831077038
298663983378917.6, 185091803682538
307148929940947.94, 157026211208130.06
281411482437292.7, 242157768335605.12
285154385721863.56, 229777395932793.75
282680787979448.5, 237959296157705.12
278594404985302.44, 251475793753726.72
320115575022240, 114136539016164
278593734627420.6, 251478011091335.88
296272626474306.25, 193001676520867.94
284484020846689.6, 231994756673753.7
310510024425324.2, 145908744836731.7
289264232544641.8, 216183287211296.47
276223007502170.75, 259319646967162.28
271849361599147.56, 273786321877162.06
285142081198890.06, 229818095508783
302130592182039.8, 173625328410672.3
276761514035797.4, 257538433048243.34
294123511521907.5, 200110287517263.8
285146842784066.06, 229802345650123.94
309396101096743.75, 149593260462036.22
290341919813701, 212618629321331.47
280143889737919.75, 246350574956607.9
286198722448456.56, 226323051375601.5
286643746576641.8, 224851048490065.7
276947681842896.78, 256922647224760.8
287908862116170.56, 220666435551624.44
304203202825093.6, 166769770129802
268936193519452.78, 317770399229183.25
267651153849807.4, 361234976290718
270147731308731.3, 276791915180056.44
270513260708938.22, 264428420761293.44
270870072469274.84, 252359787691084.06
270752824075588.84, 256325542183404.62
267453681444326.97, 367914190005497.5
266792145269791.28, 390289678261851.6
265230627976718.84, 443105704351066.4
270864307443954.25, 252554781194574.72
267887553105675.75, 353239119106935.75
266999225336328.88, 383285499540727.1
266856012647141.84, 388129458145582.6
269532958736252.2, 297585693366850.4
268192620782037.84, 342920653582923.75
268095794566141.28, 346195657944131
266667467324273.56, 394506726419068.56
268613350648968.53, 328690084554385.8
267756076145781, 357686133926905.25
267153258998069.38, 378075537452445.5
269456674137559.1, 300165907734410.9
266314147476537.88, 406457250680716.8
266487916226230.9, 400579778264629
267799992672629.22, 356200721989391.94
267373197865876.06, 370636428688395.75
266188836746525.06, 410695701842914.9
266973746004646.06, 384147300465292.8
266609394731092.34, 396470946482551
269864242831666, 286380496021971.44
268790628177951.8, 322693932838774.8
268597393098792.66, 329229825222099.25
270421654335466.72, 267526871628711.8
267794671203995.4, 356380712840241.5
266702271266383.4, 393329534259470.9
270787504495168.44, 255152527991741.9
267495133643918.75, 366512130313422.5
269636191176202.47, 294094007897943.8
270417098493197.5, 267680966293700.1
267335473814598.5, 371912389246313.3
266395432391898.28, 403707907955291.3
268733290314753.28, 324633301741078.06
270557096918862.66, 262945725425613.9
268647435547000.8, 327537213003293.94
268252084714672.06, 340909373508531.06
270440347690888.9, 266894596371784.88
266243476164395.88, 408847603885519.75
270322459147502.03, 270882002986340.94
269109516658195.2, 311907998948190.06
270608359307645.53, 261211850510899.03
270678666389001.2, 258833816876810.66
269966991554397.06, 282905171576656.06
266192007126892, 410588468389327.25
267665636655638.12, 360745116681737.75
267291788039911.9, 373389996331301.06
268663505288687.66, 326993677622709.5
269903800292352.3, 285042523086993.2
270705422102071.66, 257928844228838.94
270566918266012.4, 262613532801431.2
269743119228575.34, 290477323773567.1
266792417563960.97, 390280468311994.5
268898997946477.9, 319028484785686.4
265410227413895.56, 437031017505383.25
267733368914083.5, 358454172646085.4
266379864161907.97, 404234480440257.75
269734975668421.47, 290752767719948.2
268533988490000.66, 331374392872416.9
270257106409076.66, 273092463256610.97
251387349376331.78, 911334245246511.1
266378705261298.44, 404273678549109.56
269326666006963.34, 304563241563384.8
270762371771080.56, 256002605424125.9
269016720082702.34, 315046706648683.3
267347261093806.2, 371513701861347.44
268724872525175.34, 324918021094449.5
269869529047913.06, 286201697531261.94
267993530975095.34, 349654573523625.94
267579763976992.97, 363649633753559.25
269482034108422.78, 299308144014021.44
267433871530954, 368584231193112.6
268299706951679.72, 339298621374448.56
268777036486642.9, 323153651809517.25
268495920904236.6, 332661972979142.5
266677835086040.66, 394156052124005.1
267952581082059.2, 351039643435143
269565963904116.66, 296469342100846.25
267014845701498.53, 382757163659988.75
268049166599586.4, 347772780342310.6
266905032177825.9, 386471444607739.25
269125487820807.8, 311367797859821.9
269101656025903.28, 312173873275710.44
267934099499645.9, 351664755781474.6
267760731901920.22, 357528659822196.4
268542427879461.75, 331088942934762.25
270193272760076.75, 275251542561019.56
269902539126407.34, 285085180170425.94
270894272017174.97, 251541273570932.75
271014782645546.38, 247465178787782.25
267262775137104.94, 374371315102713.25
266896735329420.84, 386752073303792.9
269909484769518.9, 284850254006358.4
268281847601802.84, 339902687620284.06
270092423177527.25, 278662631382546.78
270865000510181.38, 252531339248657.25
270776790435489.78, 255514915304402.34
270504242519113.03, 264733447770086.53
270939859290949.34, 249999351075623.03
270110434817810.12, 278053414137684.84
270057168487053.88, 279855069442675.62
267353179181044.22, 371313531263590.5
268744515662567.53, 324253620859125.5
269525433117832.56, 297840236342808.25
269793666039488.8, 288767652227964.5
267561877263624, 364254625529274.4
269431249511354.22, 301025858326634.6
266382124352881.44, 404158032804390.44
268574891851105.06, 329990896835061.94
269429224464731.44, 301094352550640.44
268411693844134.78, 335510829423762.6
268143838435878, 344570644703036.1
270069688513770.34, 279431597950795.1
268615128107810.03, 328629964622982.1
270369814680301.1, 269280271729902.06
267418650509203.8, 369099059869957.1
269245650337192.7, 307303477452686.4
270042211652320.25, 280360962382195.3
270690615567629.25, 258429653482037.97
270254871662619.84, 273168050269120.8
268297238897823.66, 339382099666638.94
270199089250997.84, 275054808309276.7
266838554314955.25, 388719960557776.2
268330262804585, 338265114585005.25
269882259891775.53, 285771095459443.1
268119259632574.03, 345401986579493.9
268046369351509.72, 347867393144904.44
270679319106925, 258811739652917
269643486954782.22, 293847238916569.9
268306876841630.84, 339056110390807.56
270739204710534.3, 256786197177896.12
268646968650307.56, 327553005097330.3
263889251452219.78, 127213866362915.08
238534226770298.84, 97633004234007.31
152604615608358.4, -2618208788256.5312
285398862765880.1, 152308412895518.8
107766955837237.66, -54928811854564.09
298142928786783.3, 167176489919905.88
278942958887304.44, 144776525037180.5
243120634022317.78, 102983812694696.1
277373943892613.22, 142946007543374.1
246005934185128.38, 106349996217975.1
-1046501524401269, -1401575372132822
211888743026349, 66546606532732.5
115387252450999.28, -46038465805175.5
279275719069393.12, 145164745249617.3
249451017821469.06, 110369260460372.56
-17362060308819.162, -200912664024963.7
255267055167015.97, 117154637363510.62
282654667224212, 149106851430239.34
273072294729074.03, 137927416852578.38
157862450328454.72, 3515931718522.5
281420707798833.62, 147667232100631.22
269080539809096.06, 133270369445937.4
287808449660455.1, 155119597605856.3
259412230844901.4, 121990675654376.97
217098838952239.12, 72625051779604.31
289899029764032, 157558607726696
6032104057693.448, -173619472264032.3
275439382839763.3, 140689019648382.53
287142458510408.6, 154342607930802.06
294036709625496.25, 162385900898404.28
285741457829873.5, 152708107136844.4
288240745692721.75, 155623942976834.03
247894753393145.97, 108553618627328.97
217986806890985.72, 73661014374808.67
294974464636392, 163479948411116
222936321541726.62, 79435448134006.39
298541943511854.06, 167642007099155.06
299513225651799, 168775169595757.5
287585920943325.7, 154859980769205.3
250962844961017.75, 112133058789846.03
268693479932586.03, 132818799590009.03
207212480613189, 61090967050712.5
279115977444112.97, 144978380020123.8
288081343157593.6, 155437973352517.9
277020005514469.88, 142533079435540.2
299205668729154.06, 168416353186005.06
279340306004752.62, 145240096674203.4
221623329231843.22, 77903623772475.75
251245137859702.3, 112462400504978.03
291919705962147.6, 159916063291164.22
98673915036838.36, -65537359455029.91
293807072917863.3, 162117991406165.88
291533334125164.06, 159465296148016.75
224109531489706.7, 80804193073316.47
282452301625903.75, 148870758232213.03
260430218484147.25, 123178327900163.78
248528958693026.53, 109293524810522.97
2741881415143.375, -177458065347007.44
280710844404255, 146839058140289.5
290195800911179.94, 157904840731701.94
177118431223734.47, 25981242763015.53
292861995025203.75, 161015400531396.38
288816257644645.7, 156295373587411.97
281655925764322.44, 147941653060368.2
267626239873086.94, 131573686187260.1
286035632073226.25, 153051310420755.97
288318115031298.94, 155714207205174.1
262656215590149.06, 125775324523832.56
293520039609947.1, 161783119213596.97
226257136003895.3, 83309731673203.2
275252344743518.56, 140470808536096.98
119312379360519.08, -41459151077402.41
258276211708381.84, 120665319995104.16
286877836894666.4, 154033882712436.1
298620754339168.94, 167733953064355.75
282908428629759.5, 149402906403378.1
273143711689574.8, 138010736639829.28
223102203932344.03, 79628977589726.7
273944434368614.62, 138944913098709.06
289043384808625.8, 156560355278722.12
289471222718297.56, 157059499506672.5
288056074267301.56, 155408492980510.5
268103556868652.25, 132130556015419.62
284776360676517.1, 151582160457928.66
259882684080280.62, 122539537762319.4
275873008108889.16, 141194915795696
270703505702910.44, 135163829655387.52
261439220348203.62, 115754043457033.08
281244536771257.12, 208391813822928.5
333211044965449.7, 451460965053829.2
279230244004786.28, 198970121850726.16
297091921035923.7, 282516675706046.25
275581626307701.2, 181904006815973.3
285968452708852.7, 230487549660069
301884992880077.1, 304935882719022
291981196664970.94, 258611674616106
290513322294810.6, 251745810626646.47
285591451891981.3, 228724158742444.88
284590061204400.6, 224040234558599.7
288521566720587.44, 242429534553667.06
294450432283248.56, 270161325088694.9
276720304419386.28, 187230081854500.38
291884467710711.7, 258159232733280.47
301802296434722, 304549076764941.6
322148942548378.56, 399718873103012.6
269560641720333.47, 153741336971833.97
292334429876299.5, 260263894475546.03
499344021905894.44, 1228534566872038.5
342104018912654.1, 493057133516559.6
315596552780292.1, 369070598381318
307482337202461.44, 331117009388239
269506795444050.06, 153489475356959.97
285581381637002.8, 228677055936900.25
272372615920641.97, 166894119521664.06
336080000442594.9, 464880272930798.6
284182672471819.94, 222134706615883.56
294572433372733.5, 270731975345963.12
291602558422769.06, 256840624773548.84
312152144226744.7, 352959655146983.25
288849496780224.1, 243963400961645.1
314347160588466.4, 363226667161487.9
292591019513955.5, 261464071812969.25
272166401264689.38, 165929567098660
284757113188804.9, 224821606743716.38
269434667362213.3, 153152102070949.38
294236039475515.56, 269158520020266.34
270998783215904.22, 160468127838213.28
289543989964644.7, 247211836824257.4
285638906656688.2, 228946124577364.1
279512122701052.66, 200288586720359.2
283458231418331.06, 218746192010854.97
298278882865127.44, 288068593939418.6
274862388761298.12, 178539831195700.9
274438195629943.4, 176555702032912.7
294187558232015.7, 268931752913573.38
282670349505979.56, 215060937904694.72
277345235574865.47, 190153146936580.44
295042541405267.6, 272930867756203.4
272497241966285.12, 167477047799672.34
291654397589173.6, 257083098293828.25
275007836578043.44, 179220151628864.47
312816107252119.25, 356065288652767.44
300735645337145, 299559902276275
308781425812377.8, 337193391595912.4
294219746952824, 269082313059289.7
279643090731633.22, 200901179121461.8
284566141424937.56, 223928351719175.7
270767386003310.1, 159385786037369.78
267048676889414, 141991824053017.1
290608408664307.2, 252190569451711.03
314541981476005.8, 364137926151591.75
303330817402074.94, 311698610321915
276530125916975.34, 186340537246449.2
317009409623702.25, 375679122326300.9
272388814176114.56, 166969885555326.2
286389307682132.6, 232456064857668.72
279047773370502.53, 198116630174237.62
295680183527040.06, 275913387358042.22
286227918174545.1, 231701178451211.06
289485478528113.5, 246938154298547.03
302224127889776.5, 306522159377293.3
284330300495180.9, 222825224789668.62
273670709569530.5, 172965847879368.47
277633679994099.62, 191502322445901.47
635083159193435.4, 1863443434829891.2
266465036767730.16, 139261894451592.66
279674251084453.56, 201046929158847.3
259729116818154.03, 107755172106801.11
282022327199623.2, 212029865826576.2
271544159572900.62, 163019081766099.7
307101512781690.5, 329335733871729.75
270064613978010.2, 156098626564192.8
298243253391033.56, 287901939947689.25
302450726159011.94, 307582054507588.1
285199555847921.25, 226891096600873.56
284721330420736.1, 224654235731781.88
279989797147418.5, 202522870421102.66
281202785418819.62, 208196525238946.62
307298125338510.6, 330255373250404.56
288953295409797.4, 244448910680616.75
287987563180406.4, 239931776059271.75
286293248598578.75, 232006756241045.78
278779925904018.12, 196863795250358.97
308836937124521.5, 337453041281745.75
300839836194381.4, 300047246608509.6
268988079637889.5, 151063224005563.78
273616630669617.4, 172712898186226.56
279434494989846.62, 199925489361492.28
298704729173079.6, 290060455702420.9
280376080782776.25, 204329680973582.44
274644475063881.22, 177520557449718.62
275509277810396.3, 181565602554386
274814950320574.03, 178317941714894.66
303112183590499.44, 310675968300029.6
266380669184346.22, 138867271884151.67
294461623731742.8, 270213672186490.6
331036522099758.5, 441289809714305.9
349829935812252, 529194486756614.2
301860392602281.9, 304820816903528.1
287135120637705.56, 235944544811155.06
276870222038888.1, 187931309429589.47
356843122375991.4, 561998101328943.5
278318567616448.66, 194705829066566.3
285231451924086.6, 227040287924872.94
311511060025937, 349961035498044
272579514736571.28, 167861872047785.03
303001498589319.25, 310158248133219.06
279525122682333.2, 200349393084413.3
279457363240785.12, 200032453761043.3
276540741020472.12, 186390188536998.62
298844472731320.7, 290714094926451.6
311168790993121.25, 348360099699389.75
307829446222681.06, 332740583837653.4
283281398881707.7, 217919072081487.56
260638114332347.34, 112006934673189.19
267814986105817.44, 145576173613613.8
285910675744363.1, 230217302568101.7
279515512240143.7, 200304441016107.56
265020091252551.53, 132503278332208.78
273822526119286.25, 173675957547580.84
290924114015269.4, 253667255770727.72
296819659020305.5, 281243192084606.34
293456452069005.8, 265512062796269.12
280075541199454.78, 202923931309659.47
274446486448838.38, 176594481669679.5
281105838947364.84, 207743065936980.72
289492365041658, 246970365410287.4
289524368895401.25, 247120060855215.53
298528064489880.44, 289234120893908.5
290689046580718.8, 252567746802668.66
292257261826698.44, 259902947146766.88
305206941372290.75, 320474028892279.3
280228991167685.5, 203641681161061.2
281009400446532.78, 207291982626637.2
288734348806956.6, 243424805602813.25
279333436489018.66, 199452796373748.56
299457470128859.25, 293581340818164.25
320381600604147.2, 391452273686446.5
284591650014702.6, 224047666090657.44
314114018213059.4, 362136162502326.1
271013819318861.78, 160538457997208.3
260780733225806.56, 112674023045821.02
299786891487401.56, 295122182656507.3
297198815571220.9, 283016666274371.9
343895605690088.7, 501437136185205.1
285717699891547.4, 229314673579124.8
301324591871453.1, 302314652194813
278742965391110, 196690915431917.75
328045525012493.75, 427299662048067.5
267174910043757.12, 142582269452363.97
282625862213691.94, 214852852182704.22
280960191136716.22, 207061810048462.94
280663236445198.78, 205672828426849.12
286123515592834.56, 231212843794822.94
271421665860812.53, 162446127306332.8
282026026613430.2, 212047169536318.62
291625627545396.8, 256948528734227.03
312477426807697.2, 354481138186922.3
292699219390579.1, 261970168010079.78
297338461864988.44, 283669850551671.75
282115478645283.7, 212465574201439.8
285265150191259.9, 227197908851973.62
280679151274228.62, 205747268756182.28
276126572995093.1, 184452950998935.44
285703948225075.2, 229250351268206.5
263287664275445.06, 124399990858646.25
281453306060458.97, 209368315336937.12
296899076747111, 281614662097083.75
267775912469518.5, 145393409830925.25
274072794970225.75, 174846569914878.5
330643159873234.75, 439449889622501.25
278835959616002.75, 197125888419319.3
285351236398183.5, 227600570142422.8
299944279732740.4, 295858353481479.1
290131246709510, 249958682888950
291689361718499, 257246640189059.84
313280778105945.06, 358238749098081.75
283733698566853.9, 220034667382977.8
279326515205877.4, 199420422630023.38
169043534472927.5, 42656190707605.94
286630322052448.4, 135683712526847.14
146998396553455.1, 25215417037137.28
388370717114364.8, 216174531404945.6
313645691176557, 157056631137692.56
277612888559846.5, 128549667042193.75
309897869484625.8, 154091582330784.97
447035620401447.06, 262586638435865.1
242365325611530.66, 100663936861564.12
277586741333177.44, 128528980945145.44
245814245436824.44, 103392512672714.28
-202197621026662.44, -251047255099031.75
217744170318229.34, 81185174762433.34
141748001955447.56, 21061623842511.062
-863115470332661.4, -773925300436056.2
288415497338259.06, 137096034746634.08
324999134314560.44, 166038785519024.38
248338047948160.44, 105389191874720.6
64908845950315.625, -39728847680536.375
379472047513151.7, 209134444695125.06
254400862326471, 110185722237308.06
297389073229458.8, 144195382761823.75
337070489041610.3, 175588907929665.12
273379705052629.75, 125200629457370.38
168070566024670.25, 41886437188415.06
384967256878589.5, 213481920458920.8
340314654423980.4, 178155494466350.3
280699603193984.97, 130991688113505.83
268873301827171.38, 121635437032165.94
322996058978102.2, 164454074018661.88
304488762319328.9, 149812225396214.62
258923503237684.25, 113763760932888.19
348224560479950.94, 184413331535947.25
361509393899842, 194923484558012.97
223516344968716.3, 85751768631489.5
291773350168477.4, 139752563884465.02
67249139904719.41, -37877349298887.81
-945473208494401.2, -839081738855154.1
275648129043388.56, 126995268690565.64
378215003617362.1, 208139947942127
291247821691129, 139336797684031.17
314321523421456.4, 157591308546631.94
292263513987361.3, 140140351715860.53
291177475328226.6, 139281143915912.2
416566597971051.06, 238481399171311.28
335298157635890.6, 174186747007418.53
289203942986885.06, 137719805038268.56
244212532522143.94, 102125334733884.75
391419792722352.94, 218586774765695.7
221466825184249.38, 84130313105803.62
-1961764250273405, -1643109461781581
305412320061003.6, 150542888166526.9
224001694892290.1, 86135748001405.44
-3826524254583051, -3118394275317693.5
302221369478094.75, 148018401945871.2
380220559685180.5, 209726622046413.7
411867460187440.06, 234763726874150.7
325060569087084.44, 166087388978299.7
356778741162529.6, 191180879544316.5
375164957131359.94, 205726936481682.22
323534260799449, 164879866598841.3
291704059061445.4, 139697744970673.88
246095311324168.53, 103614874925359.94
340444384592488.25, 178258129093334.38
263044165969107.06, 117023778916608.75
324288101390446.75, 165476259471466.1
222039816392878.4, 84583628935415.19
374564550925319.8, 205251931571840.34
286661395019481.2, 135708295570385.75
409230041633706.9, 232677161562652.9
308979391431708.3, 153364938301578.1
288951156629489.25, 137519815831468.08
276275373172846.97, 127491506134757.42
363923023957314.5, 196833002008545
302385036262436.3, 148147885161331.25
290660753468197.44, 138872344976015.7
222876061051083.28, 85245214899184.88
248735574834362.4, 105703690993551.28
296937046699788.44, 143837766836451.62
128688803164161.5, 10729979229151.812
429460297925432.4, 248682111160537
299083252056748.3, 145535714112527.47
292267176705700.5, 140143249436065.6
301905770369363.75, 147768719106685.25
334439199568422, 173507191574294.62
416661729960916.8, 238556661821521.53
224529510743423.47, 86553323832998.31
226958762806760.9, 88475200465385.53
269175437963713.4, 121874468785759.34
258147267505070.6, 113149650384934.34
248260903733135.84, 105328160059036.6
87305749509330.11, -22009778409164.125
307531263971133.5, 152219267842262.56
429602401464507.4, 248794534846514.06
285835041304828.25, 135054534720185.64
-2607721126154412, -2154151293965922
271442402504447.34, 123667953390770.34
304499073010508.25, 149820382588603.38
202419264993026.6, 69061040802621.03
298373171206890.44, 144973941288272.8
294639176202530.3, 142019831316468.9
276102509704799.66, 127354747061935.17
307496672402943.3, 152191901095276.7
262187909341374.78, 116346360698466.12
334705582133962.94, 173717937274880.8
291510215342138.9, 139544387597804.81
258248233111342.06, 113229528237997.19
308322886350501.3, 152845551370243.44
226947775709482.75, 88466508141589.53
269397790004304.7, 122050380210277.75
144623062103399.66, 23336196744371.875
256847759487571.78, 112121558598938.44
293844326362979.56, 141390994418090.16
292871034347676.25, 140620984912312.23
404893094968748.2, 229246032872021.03
344467704200338.75, 181441135112203.44
326205157244048.5, 166992917583492.8
306845275195019.94, 151676555202932.25
366355436501264.75, 198757379021163.88
284035030816463.8, 133630475789517.56
441651089208531.2, 258326724517418.97
276254350026893.56, 127474873899034.78
350349643570432.1, 186094568158163.38
344228710440808.75, 181252057770803.12
271802293837147.12, 123952677546387.28
225615675463966.4, 87412631365073.4
283954203166583.6, 133566529863979.44
290964254401793.7, 139112456474114
292340685580468.25, 140201405191419.83
327272337161232.4, 167837205492657.25
361774439389692.1, 195133172445552.62
303371973105588.7, 148928689625850.53
330200919479106.5, 170154121883380.44
265856762384955.97, 119248934308894.28
308602686227134.4, 153066912032136.7
286015745228185.9, 135197496684867.31
338622795232200.06, 176816998270321.56
292638612625037.2, 140437106967186.38
-1349666245459288.5, -1158854711137501.8
286579420799854.2, 135643442548528.94
269603947682682.94, 122213479639374.47
444531860834691.25, 260605815993811.44
312371648119373.4, 156048685681059.94
272429715413632.62, 327391902150859.4
301764690472572.44, 408183308870562.44
207840911653914.22, 149507983599503.75
222556564839283.28, 190036339913307.1
242693542453201.56, 245495556948360.7
230329447567777.9, 211443623493423.4
300174758449108.06, 403804479691185.1
204068715825288.88, 139118985251814.31
245644040709580.62, 253621519359371.88
274413117873875, 332854387615133.44
242210379748652.78, 244164879335832.9
230218676887483.56, 211138550144416.03
235735223533735.78, 226331662219340.2
273056397366479.94, 329117845889848.7
274564705979336.38, 333271876167879.5
257704109925819.53, 286836136217210.2
-158477687402173.06, -859369469538572.8
260933431673310.62, 295730005948005.3
285522950483074.94, 363451959391290.6
223986565155304.6, 193974701439398.56
270707591796686.94, 322649004320582.75
276957841329796.47, 339862806313409
293617277270365.56, 385744531526779.56
286618592593437.94, 366469465531306.75
286066268950022.06, 364948311890423.7
249932681667211.84, 265432858390225.1
268741231044441.47, 317233453396365.7
308728791375148.25, 427363127749787.6
166169650880393.66, 34741232616693.062
279648558059591.8, 347273304847927.25
269734527830336.3, 319969090446043.25
274206717143346.2, 332285939701545.9
300968873905824.4, 405991551768698.94
256948432381324, 284754925930730.7
283810607193495.56, 358735997544580.25
243312098439267.8, 247199120975559.53
291458886327173, 379800110568478.75
272543770232137.1, 327706020339527.4
275737953348890.28, 336503114825011.6
217949309598449.25, 177347505807403.5
271454773917370.12, 324706817374267.56
256252843071278.78, 282839204552245.5
243539304851021, 247824869781699.47
72625449050121.45, -222888700292909.12
272113510338291.47, 326521042271231.25
270412121433226.78, 321835249876954.75
238471779497240.47, 233868406512271.12
272586711130189, 327824283796457.25
270739458325952.62, 322736767876593.1
227717687028221.03, 204250578073004.5
253820471754122.34, 276140214695158.9
272980992244984.03, 328910172768351.75
-417538734421299.44, -1572849074443707.8
253335821347752.84, 274805439805485.53
245285549768922.12, 252634200047394.38
291579796095599.56, 380133107963489.6
242325796000547.88, 244482747045970.22
266114457245013.94, 309999059981548.9
245342025283502.03, 252789739169516.1
234388725574408.3, 222623274396930.1
278152200774027.38, 343152189700799
97878650099091.9, -153338900682629.88
250029149749712.44, 265698540978095.56
238382394771920.3, 233622232186799.22
295362081954460.6, 390549895246910.25
254519048245127.5, 278064163063828.84
269896812595661.12, 320416038652183.75
223161901772191.47, 191703497367873.88
258517139226426.3, 289075298881176.4
256142466695618.3, 282535217156983.9
253917869850138, 276408458631726.62
256683902841282.6, 284026385558157.6
237652365447836.78, 231611659622110.16
254292511873981.6, 277440259615427.03
95463168079670.58, -159991375752511.5
269422410688977.2, 319109489138693.56
245249073150318.84, 252533739851896.8
271323716355064.28, 324345871956769.5
133101570022207.72, -56331514664868.25
286736198876891.94, 366793364803770.25
259497922692603.2, 291776473017532.4
272791351786142.22, 328387884291541.5
261992407972293.97, 298646530837008.6
278872678888546.66, 345136457294884.9
262451727443105.75, 299911541838588.6
251053706547192.28, 268520271174433.5
270062203017245, 320871540141136.06
273713648717726.56, 330927980758855.75
234761625248822.56, 223650276778923.44
234729268578559.2, 223561163326394.8
271890676038863.1, 325907334692477.7
255071690087026.78, 279586193054633.44
218680488379128.03, 179361244088617.22
256893631196650.97, 284603998077860.7
-2319240398157998.5, -6810322508997240
254805020685211.2, 278851759292256.06
262979769853595.53, 301365822575675.25
255796059290794.47, 281581177091239.5
201591873744598.56, 132297518537781.94
268707575045543.4, 317140761464974.3
270498650891159, 322073560515194.3
234718907603787.3, 223532628182760.78
270189179431250.66, 321221245674791
273247475454186.44, 329644093737958.4
-1612885807462082, -4864952488719961
278823267419104.6, 345000373247896.94
261177291452206.78, 296401619765293.1
299516435941579.6, 401991394752418.3
266781646943123.9, 311836566035359.94
262493434565338.1, 300026407355556.4
237603465276111.38, 231476983739325.44
24141001741765.496, -356419637142151.6
205118506242979.47, 142010211320208.06
201572733019917.8, 132244803099316.94
-519608713987314.3, -1853959837838634
223705678762752.03, 193201112686139.06
282449679524379.7, 354987868882097.2
272827118730210.84, 328486389973566.6
140106667332475.9, -37038787646424.75
253558133926668.97, 275417710514631.56
249428890520532.4, 264045368019042.38
195665791025956.97, 115976503837260.88
251579712733311.53, 269968943949319.3
260767610780869.72, 295273318899971.4
226902368102932.22, 202005109557454.94
251067035325443.8, 268556979940765.56
261509073558300.03, 297315380319779.44
310257831867301, 431574255662601.75
254178445424008.47, 277126109392550.2
238494836604801.3, 233931908054405.9
207853385583388.3, 149542338028219.25
240225699080307.34, 238698873560717.6
-24001544059274.8, -489008943610590.6
261653091904402.1, 297712021010683.5
254958983181377.4, 279275787150549.9
245746103050336.62, 253902609084732.66
251915930451799.62, 270894920616630.75
259999323596983.72, 293157380426318.1
296672925262034.5, 394160086651376
270021368206294.7, 320759077055240.1
259357826880633.7, 291390635371452.5
249371489434690, 263887279782623.94
230650513734845.3, 212327871297805.78
263701187281934.47, 303352677132412
270562291094626.7, 322248831895236.44
263399344348204.38, 302521372003450.4
297633220339080.8, 396804833748815
215352174702381.3, 170194740847740.97
275027120467912.62, 334545411152810.9
183690487132383.47, 82995339015615.81
276678052062166.84, 339092239150101.1
272602719162122.62, 327868371490963
310559159233720.1, 432404140868477.4
248052301924520.44, 260254107623468.44
249564510278137.72, 264418878171135.7
297910734416045.5, 397569134813242.4
279351424254964.84, 346454969123708.75
215422837519564.97, 170389353196705.8
264292880683666.16, 304982258960132
279062893195248.56, 345660326205145.9
240169533292526.53, 238544187456665.53
244683638585686.9, 250976477444385.9
217071667388783.4, 174930392836520.53
266983665165213.56, 312392944089639.6
245944400830692.78, 254448740676533.25
249871472890362.1, 265264283398245.44
279291531237439.47, 346290017862327.4
271641746601032.88, 325221758535830.56
194856686160039.4, 113748149452438.69
271852439549762.94, 325802027640529.75
249735236455521.25, 264889074856388.7
182745348286153.16, 80392333668620.88
221633407927059.6, 187493874974723.8
257982148509920.72, 287601881825882.25
284499204156896.5, 360632461312635.25
216079833305060.25, 172198784212496.1
293256705191998.25, 384751480556849.94
257617538359131.44, 286597709607315.1
260017837068881.66, 293208368348922.25
271673901896637.1, 325310317382740.5
246600490436767.1, 256255675985065.78
273766086040279.94, 331072398302937.25
230525444534265.53, 211983418417520.5
243186741496154.6, 246853875624034.62
269712663469873.97, 364072103391601.44
275385299385098.75, 287491518536066.9
281911135906272.5, 199392725500221.25
276777868576726.44, 268691834449093.06
283594027469946.8, 176673689390618.03
282627262008670.56, 189725023117847.4
277193607228032.25, 263079362656464.62
277638958102743.25, 257067125847866.12
270603449668947.62, 352046489704107.06
279579941583911.34, 230863848852096.88
280163204900386.6, 222989794079680.97
268424583153050.9, 381461187668712.75
280539296243631.53, 217912560945874.34
277600717851105.03, 257583369244982.1
271903248298280.53, 334499208208112.8
275204380572037.2, 289933922512398
268606244914500.56, 379008753889142.4
267832109649446.28, 389459579967375.2
278861646957407.66, 240560826309896.62
279273019454252.5, 235007297602491.25
274557272069499.47, 298669887296657.2
270789744221353.03, 349531513246634.06
270835866227901.7, 348908866158227.25
286393478676950.3, 138881098096070.78
267508137259535.62, 393833207231169.06
273344478510944.66, 315042600337147.1
278783284197609.6, 241618723567170.47
269877785741368.56, 361842952726424.4
269293158934069.7, 369735414624959.25
273626363566929.03, 311237152081358.06
266588436353416.62, 406249169463775.56
267083094732069.78, 399571281351957.94
275778721661882.66, 282180317799484.1
285711492637715.7, 148087909625738.22
279259062186916.78, 235195720711523.44
266592378437324.1, 406195951331024.75
269055486482574.06, 372943992720150.1
280752818588756.94, 215030009286681.34
267899156175096.2, 388554451871101.5
267377027603851.06, 395603187582910.6
275743410136233.6, 282657023395746.5
274831253373828.7, 294971139688212.75
273862200250254.16, 308053356856468.9
272150190587606.53, 331165487302211.8
279248820227984.9, 235333987157103.78
277538227319666.1, 258426991419407.72
270255588722927.47, 356742612475379.2
267294443375708.7, 396718074662832.75
277633974760852.84, 257134400963386.62
283577156524360.3, 176901447156035.78
283013780095079.75, 184507028951323.38
272517150729225.66, 326211525390353.6
270284014858861.25, 356358859640273.1
285127438035226.8, 155972646759338.06
271977195729770.22, 333500917883002.06
277406840291550.2, 260200716298972.47
279518699874922.4, 231690611923447.53
281537847774465.7, 204432115279613.22
273398417437475, 314314424828987.5
266722892266715.94, 404434014634234.9
273183459828385.97, 317216352551689.44
276785402439358.12, 268590127303565.3
272635690474125.8, 324611238834201.5
283400713726158.44, 179283424931761.1
273191286019410.78, 317110698972854.44
280778101324014.72, 214688692360701.3
284544877459599, 163837214530313.5
272163620446915.03, 330984184201547.06
284485149470014.8, 164643542389700.03
287204565706443.56, 127931423197911.88
277140540982249.6, 263795756974530.47
285285906823052.44, 153833318123692.12
276204768528139.22, 276428685105020.56
273375275976110.2, 314626834557412.5
277169927433244.66, 263399039886097.12
281878893821985.75, 199827993638092.38
296432377404774, 3355965270451
283248695226886.3, 181335674671934.78
283974304229394.94, 171539953138068.34
277680988954057.22, 256499709355127.56
277878132005255.12, 253838278163955.8
275379052303270, 287575854140755
283519676107393.6, 177677432785086.06
269230223226274.25, 370585046680197.6
282121231546249.25, 196556434360535.12
268919602512048.56, 374778426322244.4
274938043396635.47, 293529474380321.2
281980730460317.75, 198453199020610.38
275719272865498.38, 282982876550671.94
278557946222406.66, 244660786232410.12
277663681692124.2, 256733357391223.47
274972771428895.53, 293060645944810.3
280116642691048.84, 223618383905740.62
283992669908282.6, 171292016473084.56
284318834036277.3, 166888800745156.28
267547557838785.72, 393301029411292.8
284081638041103.94, 170090946679996.84
273002189460364.44, 319663502519980.1
281849012336714.9, 200231393689249.2
283728673165139.56, 174855972505515.9
280882014666280.5, 213285862240113.25
275817970726255, 281650455430457.5
283233563331891.1, 181539955254369.8
266794110964507.5, 403472562214048.75
286625207863609.56, 135752754076170.88
275184089175231.84, 290207856369270.1
272332073765896.56, 328710064395296.4
278292203548392.56, 248248312331600.4
280666590272749.28, 216194091552784.7
281245628345377.8, 208377077572299.53
266763544558712.03, 403885208692287.56
273891917925924.2, 307652168234923.5
278061199771803.03, 251366863315559.1
272079974219692.2, 332113408269055.5
270784641249198.25, 349600403370723.6
279575969810809.25, 230917467788975.12
282254447065592.2, 194758024849405.47
272524999949651.9, 326105560914599.25
275300976747051.6, 288629874149703.5
286208621560040.44, 141376669174354.12
269936966647818.3, 361044010489352.75
282179225072970.25, 195773521749801.62
282630263410290.44, 189684504195979.1
269401136874599.56, 368277712427805.9
274630684137051.22, 297678824384708.56
281900274173905.44, 199539358887176.6
283141655090452.8, 182780716513787.03
282886856081814.8, 186220503130400.03
287445578782955.75, 124677746664997.38
276037659012757.62, 278684663562672.06
284261286678331.56, 167665690077423.9
273191088119000.25, 317113370628396.6
287218250102964.3, 127746683844881.78
272214277494145.94, 330300314063929.9
267625013257387.47, 392255381260169.2
284698415242791.94, 161764454457208.84
279624175179288.9, 230266695314499.78
285234462358928.6, 154527818389363.56
280896865027789.9, 213085382359736.28
270795002968133.06, 349460520165103.6
273954429024672.88, 306808268401816.2
267641693853278.88, 392030193215635.2
270514847169561.6, 353242623445818.5
268433767256904.97, 381337202266682.94
277410818214608.4, 260147014337686.53
273684222918113.9, 310456050840362.25
273023021779925.8, 319382266205901.5
287091971267629.4, 129451448121903.44
279256234081004.78, 235233900141335.44
286574112175376.75, 136442545867313.88
282493542638627.94, 191530234613422.84
270229486933982.6, 357094986626135
282034304415755.06, 197729950622206.66
285008194569078, 157582433552347
280073314652546.22, 224203312425526.06
270228988300745.66, 357101718174833.6
284756583652867.94, 160979180921182.84
272326099827292.56, 328790712566450.4
281580974957431.1, 203849898309579.8
282525200260182.06, 191102856722442.16
284279686730157.8, 167417289377769.53
276057531811528.7, 278416380779262.72
274986149006095.1, 292880048652616.25
284846265961717.06, 159768469751719.66
278753330241396.62, 242023101976045.56
279848626997635, 227236595766827.5
283617965993391.56, 176350519324113.9
285364236600780.1, 152775866124368.34
279038398845599.94, 238174675819300.84
283241812420100.9, 181428592563538.2
269020789793904.75, 373412398017185.9
283062167252138.3, 183853802331032.78
284283958458830.7, 167359621040685.72
267628137236444.25, 392213207542902.6
276281317298488.44, 275395276705306.06
284192182844783.6, 168598591830321.06
270989533155369.3, 346834362637414.25
278695912197836.5, 242798245564107.25
275997061175793.47, 279232734361688.2
277684683631626.62, 256449831207940.56
281567860047851.2, 204026949588908.97
285021501696570.1, 157402787331203.3
287112216398351.1, 129178138857159.84
281389914272265.56, 206429217559314.9
277560012717214.16, 258132888552508.88
278246348177422.84, 248867359839691.62
275915243477944.06, 280337273282655.2
276591082931363.44, 271213440661493.56
269076775335746.62, 372656593202320.56
273658359577927.7, 310805205932876.25
274390147949607.1, 300926062915204.25
281827588959486.6, 200520609281830.56
281328368474896.22, 207260085823801.06
276475685803845.25, 272771301882989.12
274475393792054.4, 299775244042165.5
266749742655907.38, 404071534380150.44
280330350952537.75, 220733322375640.38
272055219378925.38, 332447598619407.44
283939037655882.7, 172016051880483.72
286511621011478.4, 137286176579941.94
279212792106697.84, 235820366794479.12
272993647011584.97, 319778825578502.94
272361891257537.16, 328307528258148.4
270756459874450.84, 349980851929813.6
279304472475651, 234582681813611.5
275678167022552.62, 283537805430439.56
280639216935021.47, 216563631612110.16
271930300674580, 334134001128070
278154126607396.3, 250112351035049.78
286904578262354.25, 131981253693117.62
276940821044036.3, 266491976140409.78
281638049476489.06, 203079392302297.66
269677029540968.44, 364553161431826.1
281496018904928.7, 204996805018362.72
279313508665359.84, 234460693252542.12
285075829210805.3, 156669365889028.28
281016500927348.12, 211470297715700.3
274852166179869.34, 294688816806663.9
275240871941763.6, 289441289021091.5
277457395394385.72, 259518222410692.8
276273428434846.34, 275501776364474.38
281292351660299.1, 207746312820862.22
271397270595652.28, 341329907193594.2
278185751926961.38, 249685409220921.44
282600572563792.3, 190085330623703.78
272794372235040.3, 322469035061855.75
279223856889667.34, 235670992224390.88
286525632246675.4, 137097024904782.44
281179616691759.72, 209268234896143.8
275577642779812.03, 284894882707437.56
270903844326911.38, 347991161821596.44
286635457307657.8, 135614386581519.56
279230042548237.9, 235587485833688.28
270632718392318.6, 351651361938599
281342711428414.94, 207066455951298.34
278787357788167.53, 241563730094638.34
274888717521938.72, 294195373688727.3
272978391795940.03, 319984770989709.56
277648519258519.66, 256938050244884.62
272235055230636.47, 330019814621307.7
280419253388207.12, 219533139494103.8
282187207088997.94, 195665764533427.84
300377156176747.7, 406273731968387.8
626114932820716.4, 854566315666523
268537406330049.4, 362454670298179.3
266510533326110.97, 359665211411570.94
274022541499311.8, 370003519689540.44
262024342054045.97, 353491146195560.7
272682834738722.78, 368159764840809
227552879383159.72, 306050222321766.75
282569654249024.06, 381766377830233.5
322334594979277.75, 436492385369889.6
274091551576068.5, 370098493953591.75
270476517959573.6, 365123348679405.7
319149507581592.56, 432108948258223.9
288358848320766.4, 389733684523027.4
279822313095511.84, 377985383569459.25
267677515985098.88, 361271256853148.4
2414769945064373, 3316180639447397
244584905805123.06, 329490337892587.6
516998660832604.7, 704396396791795
259931920179763.94, 350611476487390.4
282862697401106.56, 382169674841515.4
259382007977527.47, 349854666624906.5
228536051979935.16, 307403301440101.25
301138066998703.4, 407320926069891.2
263684791150731.94, 355776318714762.2
259016913639384.03, 349352210060530.94
292111795336357.44, 394898631405870.56
273278932618436.12, 368980137170315.5
268589816777976.38, 362526799528494.6
230619809728471.3, 310271047252443.1
268357138114470.4, 362206578397531
256215331210172.56, 345496566915378.5
271986450596839.88, 367201374784158.25
259094173373148.22, 349458537812939.06
240690860762354.34, 324131206596103.94
262847254837053.56, 354623669728610.75
225052688973152.6, 302609366212945.06
285987857747828.2, 386470638090963.94
276522569849647.47, 373444152765744.94
809854716416546.4, 1107435918833061.2
291086234763812.1, 393487216360486.44
267769402134160.34, 361397714028589.4
393070252819480.5, 533841459031158.75
263352504773970.7, 355319013701199.7
235639117410076.06, 317178807329107.06
241360655544199.47, 325053003375078.9
255271817421011.7, 344198067740196.7
232939362551187.2, 313463303117368.94
267467288748364.7, 360981934220415.2
280296448227472.03, 378637906176810.44
253577487281198.47, 341866266854711.2
249727789351108.9, 336568167723201.75
277437401181318.47, 374703178063787.25
341698136732176.6, 463141220059522.7
280474509220101.03, 378882960414190.94
268727292868633.38, 362715999296824.56
270681083082685.47, 365404878898341.8
240679949903342.88, 324116190661424.75
265422291936836.34, 358167532667915.75
241780338155235.3, 325630586374425.25
267616997685313, 361187969292056.94
265820881585935.22, 358716086739447.9
254337788770047.9, 342912622369068.3
253712185078215.9, 342051643030804.5
276805403232981.1, 373833398709144.7
636638322190238.4, 869049000046360.1
262460187555144.12, 354090973172319.56
338363800730571.3, 458552381403848.06
265345461891879.06, 358061796269410.25
284685042813334.1, 384677655161313.75
272451983973387.7, 367842059332080.5
300131022838534.06, 405934994007876
277999643580678.78, 375476957207461.3
265270998153194.56, 357959316470626.6
252726776532735.16, 340695486715736.94
238064159903167.8, 320516242047322.44
774360856033753.6, 1058587932761693
355880299490844.3, 482659246034322.75
428908070594123.5, 583162812206162.5
224293091290893.75, 301563979303697.75
251998607316274.25, 339693352843577.9
418165370685857.5, 568378304411618.1
262536557092744.1, 354196075803274
242115881932515.3, 326092374345137.3
405880394617344.4, 551471258139110
287035842142126.94, 387912913643513.75
307716543205117.56, 416374472532184
252443625419977.03, 340305803501149
227061268648688.8, 305373649132742.44
238676339444082.25, 321358746564026.5
284921592901443.1, 385003204292473.6
249790379829459.62, 336654307094397.3
267766252034115.78, 361393378742389.5
230852224896986.2, 310590905751686.4
294100810560042.3, 397635988990941.8
373047686037894.1, 506285649302044.8
285619747801773.3, 385964031333522.1
260045200182475.88, 350767376689142.5
293112756463333.3, 396276191768738.4
298494033332750.75, 403682107460312.8
388084934062523.2, 526980475791385.8
257172587827826.56, 346813979488189.44
269833440506872.84, 364238321294005.6
497250847770722.6, 677218713469006.8
237890146728213.47, 320276758568919.94
268798190425113.4, 362813571181485.2
263466388900837.4, 355475745321343
231209016876006.9, 311081936297071.3
428286455334743.25, 582307321898698.5
348161048015113.8, 472035721726139.25
240255344031719.97, 323531832085626.9
264078535580197.75, 356318204612739.9
228108367702438.6, 190911500955775.06
260889680374666.22, 257879039700468.62
236263030616225.9, 207570312336797.72
293709196374980.1, 324924622386824.2
196351796528873.8, 126037362701207.03
259538021758414.34, 255117794241554.1
281100255106236.47, 299166356652105
252400929569560.25, 240537734484323.6
239033620504871.72, 213230231680745.6
251039077984264.88, 237755666245791.62
275244671160228.97, 287204235162404
255054661334189.9, 245958929374924.2
281601297035782.7, 300189913736749.44
128671903912027.3, -12222989358922.312
227911633826854.5, 190509601752796.16
279781893864208.62, 296473132971962.44
300502236809846.2, 338801833560907.75
285233326882399.6, 307609631851981.2
228977978261303.28, 192687991097455.8
301610675094125.5, 341066214627364.06
276797431702676.66, 290376303127690
259671864702032.1, 255391216254944.62
269738283728734.44, 275955472266636.56
183441736448031.4, 99663954250343.25
273663564065585.75, 283974259240490
273854264621378.34, 284363833233037.7
278664430471243.88, 294190314897763
305716173086283.1, 349453160525628.9
289576856289557.75, 316482841926604.2
267463805747265.12, 271309038675920.7
257700605392247.47, 251364215093527.5
288637894621564.1, 314564677376274.4
271693135482964.72, 279948955135992.75
284234711745632.6, 305569603786871.44
220994371277948.28, 176378622545744.84
268395724277422.38, 273212815101813.38
267313620675215.72, 271002232028734.06
253730889428704.6, 243254652482289.9
276073822832295.12, 288898073578196.25
-504693747343291.56, -1306098534066216.2
282409139306063.25, 301840220088894
257639295629816.3, 251238968007418.12
273267490789888.97, 283165138120138
281053242517948.56, 299070316650316.9
235375401960578, 205757013797402.72
259559746707750.5, 255162175209483.7
283096179540873.5, 303243745140006.4
266251287338913.53, 268832036784573.88
251186948632189.62, 238057744855123.6
264624872728766.03, 265509504080986.8
295603400367614.94, 328794210543206.75
260944228410547.7, 257990473545197.94
241873057200621.2, 219030795216348.06
280576128981006.62, 298095641853421.2
-165369949205860.03, -612908489299749.1
275461349239273.97, 287646877523881.6
245000437889785.94, 225419587195641.8
246700613666609.47, 228892803425438.44
275880485970130.75, 288503113988346.2
228813529002752.44, 192352044754987.62
273553711524501.44, 283749846192274.9
265346470307039.47, 266983624848031.12
265330945622255.44, 266951910134829.5
279112445232315.38, 295105545052523.4
247155842018034.8, 229822769914778.75
223320579594626.66, 181130733821244.97
260063719992424.12, 256191720633888.38
-177460628189804.12, -637608019224092.2
292620022485163.44, 322699595726198.7
253710788644757.16, 243213589452225.84
275235363771826.8, 287185221497525.25
17148512580586.926, -240049345936007.5
301190478955688, 340207813944556
276643533897466.4, 290061911897046.2
289624275983079.6, 316579713586227.44
269493127072400.84, 275454652240126.53
281103877906921.56, 299173757516361.7
290881181024502.6, 319147391027991.6
262530483801911.7, 261230966701841.53
279279365138650.6, 295446538575465.3
244942500572993.53, 225301229534194.44
241948861460029.8, 219185652489140
298217514176823.8, 334134471610590.56
276122267696667.47, 288997039515414.06
221639604280607.78, 177696741394034.97
247754841612492.38, 231046440514884.94
261170610037318.34, 258452938868458
82679511347184.44, -106178877027101.25
279601994767861.6, 296105624817996.4
262373297396435.3, 260909857330654.06
198470267056086.3, 130365095349655.4
269727822474475.75, 275934101418650.97
275010994680704.34, 286726867497089.4
240748441675287.5, 216733366357452.12
283188605265305.94, 303432557691346.94
290618639841637, 318611056897280.4
298252658750007.3, 334206266952951.2
258202052322545.16, 252388599536849.9
284608742503687.9, 306333695192612.9
285472574485499.4, 308098380526884.94
248444238039341.8, 232454778929734.5
-768627919428685.8, -1845278342754950.2
203738260970199.12, 141126854345628.72
197945207703596.1, 129292474100996.84
231264122202949.72, 197358256578247.8
306397738781965.4, 350845501875379.75
290267215061893.25, 317893146275803.9
-1521313169481.7017, -278189132825433.5
260122281292364.78, 256311353003767.12
269106634325148.78, 274665102770740.2
287162100754394.94, 311549841333343
190361709354697.03, 113800470331103.03
261298941000291.12, 258715100692816.7
266063244993256.1, 268447893135587.94
232024840745451.03, 198912295886500.5
245398657646270.22, 226233093269602.56
272332422462109.75, 281254927107674.72
138873686250793.31, 8617794561699.6875
291761628249695.4, 320946018930885.4
271111637733627.16, 278761038305203.12
253343817056330.62, 242463918921583.06
207860190669711.16, 149547367874631.88
246196501133988.56, 227862973537370
-2976788779290133.5, -6356235527900479
267393082998055.66, 271164562202535.62
266210990395446.06, 268749715885776.06
258012868628814.25, 252002124276799.62
270921444024024.22, 278372499727014.25
271022321128212.03, 278578577239855.06
279274105951034.7, 295435794806478.5
285371461761535.94, 307891821676502.5
256764855740414, 249452612233353.4
238221307343565.3, 211570791936933.94
272655875678108.72, 281915695820358.3
273342969741714.3, 283319330836009.75
280649039698002.16, 298244588032426.4
219575087529247.44, 173479228601970.28
261373703010738.94, 258867828799874.34
284515978787939.2, 306144192173297.7
258037338697492.25, 252052113131384.7
272205251605116.2, 280995135214102.16
290317954311106.6, 317996799313482.6
217512845923174.47, 169266363606706.94
274767817536751.03, 286230091331584.75
269363819256493.3, 275190494844772.56
291552785171331.9, 320519382356514.2
248224347359808.25, 232005573684401.66
255082984435088.28, 246016789423902.28
221533517646112.3, 177480021554994.22
276782445472014.53, 290345688399337.4
282819829739932.1, 302679201975226.1
260344481025937.88, 256765275316637.88
267933119134134.1, 272267778880524.44
269846165674459.34, 276175859670046.03
274614832381737.53, 285917564514914.3
186982823252969.3, 106897888723287.84
259557281887213.6, 255157139933244
170817909691872.97, 73875279591333.88
227482368486019.22, 189632673985089.78
274216709825922.94, 285104257008035.94
218367612000263.88, 171012528592761
285368592206391.8, 307885959585279.5
266107247240697.34, 268537783441075.06
278793780882841.1, 294454559310025.9
279085852528537.4, 295051219957662.6
260241786311447.88, 256555484685608.3
308361175283916.75, 354856522157937.56
239055088764434.56, 213274088268138.25
250679061982697.6, 237020204985447.03
255232793705433.2, 195187272542453.94
283439443804833, 199633641031029.25
235289138526561.66, 192043445125094.88
300329189600037.1, 202296064013524.5
341574891879152.2, 208797849594468.75
274109160208683.2, 198162857409961.3
177624870306086.6, 182953511218419
276553248323015.06, 198548132383649.1
251728097923586.25, 194634808182753.9
108266283344598.47, 172020137904292.78
243971595641667.6, 193412108315653.44
263890941929067.72, 196552103789529.3
-1452518796863214.2, -74014948630928.94
207178595888489.1, 187612226581162.25
89153002448398.3, 169007206925581.44
227555165288448.2, 190824296634357.75
311802938892224.1, 204104733852686.97
268887605664540.4, 197339755215810.72
178652300067394.84, 183115470589659.7
228321568082057.7, 190945108897389.8
376428258352104.7, 214291976329121.34
265160542230294.56, 196752237827161.12
309730433520072.1, 203778033498456.12
271626784340771.03, 197771546928320
206824714495300.62, 187556442322137.47
272486577243037.84, 197907080784834.94
382241353030769.94, 215208326229206.5
319119090495103.94, 205258018834421.72
-165453844782595.12, 128872137411336.16
311881445059562.1, 204117109209114.62
283669471885952.06, 199669901615245.06
270225481226070.1, 197550651856051.84
312092359006482.1, 204150356727840.94
192808215279664.34, 185346944908835.2
263841156399549.4, 196544255824285.06
327510669159967.2, 206580829264350.9
333432005167703.3, 207514241836998.97
278837253586403.25, 198908172622212.75
285436934119311.8, 199948516351538.25
166014113407880.38, 181123244121164.8
183272123972436.4, 183843718692917.5
274562168693937.84, 198234267614533.47
422067361360582.7, 221486317690063.7
-115134380365842.42, 136804269733188.8
275110706327043.6, 198320736601032.9
319254839679977.3, 205279417720707.2
267744892656140.75, 197159623115964.47
430402871066287.44, 222800289663376.75
176962767169849.38, 182849140280687
-91381488215434.45, 140548568003203.86
282569493162877.56, 199496505954464.84
285852670255078.1, 200014051111856.06
294659105123507.44, 201402257593578.94
301717215557693.25, 202514866134928.4
395354056763590.25, 217275353418616.62
258556567015958.7, 195711217103719.03
148903903482771.16, 178426068172379.12
267794749744650.2, 197167482361443.78
240984168404480.72, 192941183825062.4
283116737018349.9, 199582770995721.56
13731668482768.43, 157118129650211.2
292282151335901.5, 201027565370902.12
259814996060071.5, 195909590155007.75
440951503358021.8, 224463128251236.38
303349195285121.44, 202772124022995.9
336485194223224, 207995532722598.28
350977024281638.7, 210279959135747.4
275754213552248.25, 198422176163626.75
302697932453540.9, 202669461901761.53
283441961206989.75, 199634037862896.34
293137543357581.06, 201162405492546.2
292045173319805.2, 200990209230433.75
295892298552482.3, 201596652616865.6
370184679329708.5, 213307766828053.97
424611289473288.25, 221887330988618.28
293502142854439.1, 201219879304858.8
285916963899435.6, 200024186070572.53
279818509171401.66, 199062853305562.25
279005045816439.94, 198934622628918.03
344386848191353.06, 209241113643682.66
294046555802304.7, 201305698094670.12
-6765929206302613, -911596885094282.5
276114807455728.62, 198479018552352.72
204705216856685.4, 187222334319991.22
241260178307726.7, 192984692775327.78
283623278387705.2, 199662619881531.28
279709069836478.38, 199045601784786.16
197713327731709.94, 186120164605709.38
281945220670901.75, 199398098468045.03
319564585035008.1, 205328244574702.2
311041418302364.8, 203984691198127.88
312229051459466.7, 204171904306636.53
259288419375869.44, 195826582992966.03
376544541797908.94, 214310306724519.06
439269106289506, 224197922802012.2
319547262866242.75, 205325513986522.44
267301289545815.44, 197089695532070.8
309432805850102.2, 203731116821416.53
277626070016922.72, 198717247133427.62
224520792353137.44, 190345971836673.3
254325629197632.75, 195044271240731.7
200792487867251.38, 186605549454661.72
361084238945615.7, 211873214649280.72
323591513526711.44, 205963031332015.03
298983765937805.8, 202083977524896.9
284597708315815.6, 199816224599262.97
216101444897919.97, 189018784060481.38
278662514334034.38, 198880627518391.06
279791917625280.28, 199058661534745.1
271881938743806.62, 197811768312049.75
296140157425601.75, 201635723966322.84
264194636271281.6, 196599976789287.16
289657042004834.75, 200613755032999.97
292440088321016.2, 201052461841462.06
308862720192383.2, 203641251101973.12
279762362541315.7, 199054002605253.12
288909390266002.94, 200495898601262.94
241721888399103.94, 193057474661653.25
240938965454386.44, 192934058236870.2
294615994226408.06, 201395461787139.62
208899343631749.34, 187883477456947.12
271155364599450.97, 197697234456781.84
273505302662260, 198067668043037.47
263484714429230.75, 196488067927486.06
325942070084316.7, 206333562414987.28
282878352001411.06, 199545193062016.94
331923751675142.7, 207276487591866.25
438380488566927.94, 224057845131458.03
325678066620144.2, 206291946105364.03
-12923160903166.744, 152916383146024.38
312599207395590.06, 204230254010853.03
282368368515822.25, 199464801576603.94
312221728006265.1, 204170749870663.88
305569637626013.56, 203122144490525.7
279366380389045.9, 198991581773368.25
245516108624147.9, 193655578342448.38
26529856944893.16, 159135578077738.25
321860297036409.7, 205690130210391.1
365160799013145.25, 212515825103275.53
249039157262209.22, 194210935763226.5
338191900531563.3, 208264570170218.28
315666607627338.9, 204713785081867.62
127503193988355.48, 175052557316116.56
278956326779353.25, 198926942780707.3
260695997459734.16, 196048467222934.88
188769858789241.5, 184710356693596.12
284286668650388.7, 199767193716042.97
282256305780724.6, 199447136514913.66
287344498030245.6, 200249216081340.62
335222370381944.56, 207796466895401.53
251488221414636.84, 194596995137008.2
314895119768519.4, 204592171232201.5
-18530747776243900, -2766149566070248.5
-58325372029074.17, 145759384347851.75
279776643695319.97, 199056253821647.9
-33679616301399.457, 149644429585711.8
293446195209151.56, 201211059971611.5
281168680813709.06, 199275688244251.1
295818628942837.9, 201585039673473.38
311181295777421.4, 204006740849368.3
233155166969244.9, 191707055520000.6
76218919143320.7, 166968336650889.38
191208881672416.9, 185094833207200.12
276078842264848.44, 198473349162657.3
279303957398841.72, 198981741696094.7
297459190165750.8, 201843650309597.6
301751270699930.6, 202520234433212.12
279622491347489.6, 199031953944157.4
211101337574343.22, 223995306405804.3
289827925975411.56, 277573123512086.94
283003996912378.9, 272929060677523
256323700216095.16, 254771636536996.6
285915137050673.4, 274910253271640.1
241243789896468.56, 244508919791695.16
454601212655193.1, 389710499169160.5
275530447398257.53, 267842895035968.22
255593652868320.25, 254274798758649.78
322912512031270.8, 300089022355657.8
342310263015859.25, 313290269553502.7
225256484481881.88, 233628670273434.78
199174929761205.12, 215878723310752
287000872380624.5, 275649156482301.28
286278738164624.4, 275157704029745.66
250994078377723.88, 251144532785882.8
366987404306821, 330084435154296.1
324968264880575.56, 301488076378101.3
273854939902820.38, 266702619101573.47
258702583842241.6, 256390599004790.7
270024745402909.22, 264095958955800.6
217716678668973.75, 228497413539650.1
321279163433238.6, 298977437893108.1
286908125440072.8, 275586037036648.06
272118744335983.03, 265521041563031.4
285452265639984.25, 274595243561587.78
755639666875015.8, 594583891624317.5
284131289526172.44, 273696245928576.97
272034926579512.34, 265463998923211.06
246591724544278.06, 248148486427009.97
626721449029851, 506847882257469.3
286953672211564.1, 275617034145024.1
271427773901833.62, 265050797795346.38
291594499859874.94, 278775375183457.84
267762675543405.38, 262556494745860.5
272312300710813.06, 265652767429235.16
245092667301019.12, 247128294692014.28
330991433685482.6, 305587177370329.75
278105674754222.28, 269595480319888.66
277258760823785.16, 269019108339452.28
273521898898490.9, 266475966195849.25
290285854567016.7, 277884769359151.53
259141876684941.53, 256689562189405.94
292497119934833.3, 279389658290026.72
272641287931956.72, 265876661510291.25
246991483222722.66, 248420544416506.97
347464001643928.75, 316797675008716.7
245231949450200.12, 247223083932429.12
1390471675678784.8, 1026622342060215.9
261158243733040.44, 258061811986028.8
219550665298652.78, 229745543329292.75
281967958929962.8, 272223979272823.2
368364068965039.56, 331021331935583.75
379776754457261.3, 338788298451123.56
265049675183444.78, 260710147278665.1
284580609132495.44, 274002032882880.12
233726464726283.53, 239392962384208.12
375222781506027.94, 335689066859311.94
250147068112947.56, 250568095244576.7
314235509812570.94, 294183840290153.75
279276291685025.47, 270392150175574.16
290227007377764.8, 277844720577577.34
267908053514598.16, 262655432531811.12
269340113015096.28, 263630028580761.25
412165011427669.4, 360830306667095.75
225620590121654.88, 233876464389391.4
259805785389036.84, 257141388946359.7
380927724055771.56, 339571597205665.25
248222691514468.22, 249258450059500.47
277155018073228.2, 268948505634212.12
322978296519254.6, 300133792354424.56
304138693604519.4, 287312395926340.9
317948315797460.75, 296710611029870.4
272599942005157.62, 265848523310108.56
282397915241253.8, 272516588429118.47
283491682667540.3, 273260957927563.44
299174364486058, 283933894165165.75
10664377505790710, 7338030476441943
264229415875538.28, 260151915249673.16
282830084362202.8, 272810703525319.88
203034427218524.34, 218505325746983.12
221893845487131.56, 231340207624229.7
436380806298448.44, 377310500398598.1
364994508894239.44, 328728159109622.56
251209267116431.2, 251290980677503.06
320236085053719.2, 298267565107046.25
261269117366820.5, 258137267653462.44
213174209064029.84, 225406010614063.25
305170227378060.44, 288014411966667.4
262901917763402.94, 259248479034469.94
270020989698289.9, 264093402990156.9
277270536606252.2, 269027122413631.25
225574118114558.8, 233844837606784.38
800361706784858.8, 625019724340738.5
321400805404743.5, 299060222012604.5
481939345634325, 408315617446625.25
299687386828684.4, 284283034370564.25
373881097385914.4, 334775976277568
296630947142033.7, 282202957361593.6
250056554193120.94, 250506495493583.6
258461492360539.22, 256226522857521.03
278975567803658, 270187490867421.3
323504604896716.3, 300491974444641.56
227029460839863.25, 234835279183727.66
624586985038638.8, 505395260930116.56
219725387059472.75, 229864451194295.22
259831178413962.47, 257158670310545.2
348568050978688.75, 317549041917095
322650258882380.1, 299910544518218.3
290236741535112.25, 277851345212438.78
267021794482010.7, 262052284023522.44
329382969023634.9, 304492527808794.44
261602205332329, 258363952518877.97
267289802018341.44, 262234678041303.1
324212387438986.7, 300973659785908.9
201407598166991.28, 217398178198023.12
248508457133234.9, 249452929438938.94
279534545306667.2, 270567906112524.78
326831365366440.5, 302756019764314.94
227316088984473.4, 235030345559920.7
283827226503918.94, 273489314149543.34
294956325022131.4, 281063283974437.9
238175029996976.2, 242420458193429.5
269062954442041.9, 263441406774099.25
270696790041701.06, 264553322668311.72
253322078747761.34, 252728866371047.2
318520440763641.5, 297099973854076.75
277913371560615.16, 269464607313128.25
286602820554975.25, 275378260100956.66
1006842188036395.6, 765541162970256.8
254630639769142.28, 253619414843931.44
198658254666509.2, 215527097204639.47
277869449550140.47, 269434715944888.53
274498589214537.03, 267140658216491.75
309640437354072.9, 291056638200342.56
422020199040970.9, 367537309348370.4
773464588661410.1, 606714741173391.5
786681661329376.1, 615709693405757.2
294894783835719.56, 281021401778129.88
261229144825326.97, 258110064118279.34
297369433942420.9, 282705538656301.6
255450261028340.75, 254177212645330.4
286226887259046.7, 275122416607894.16
286231253054407.5, 275125387774181.38
276704157503320.28, 268641669968580.38
271124819182722.9, 264844620278173.8
236662483786891.7, 241391086467122
248248757976388.8, 249276189734974.22
284170375408263.3, 273722846042777.7
254796974543416.9, 253732614898646.12
258915298881379.56, 256535363406426.25
300703860049675.6, 284974800868183.3
273009596173937.12, 266127315730527.94
275959943826417.62, 268135191216243.8
718449602680672.6, 569273986825389.6
258471276775397.3, 256233181695410.56
295975334204197.5, 281756776334455.1
282363546459268.2, 272493198563600.47
301048270838772.6, 285209191544096.56
268638705331249.28, 263152681684809.8
318506292996027.6, 297090345512228.44
284290244552252.9, 273804423654659.5
258901584033470.06, 256526029690487.84
243699857813533.16, 246180410457475.22
281660914427429.5, 177935582626706.38
242172802769576.38, 203712544403360.47
308663754258320.94, 160308728848207.78
230642670191646.25, 211239158725064.88
270001531357967.72, 185546568797049.44
222573371392635.75, 216506617663307.84
276810760903348.75, 181101655066036.84
251904715684168.2, 197359767917446.38
167360928198207.2, 252548073637448.7
248525306249100.62, 199565771298671.03
261665387672238.44, 190988218147456.06
219355246765987.38, 218607337905703.3
171073516386450.44, 250124578570123.25
332344395328560.8, 144850532594023.44
266729369589106.62, 187682563285056
202412928839815.97, 229666906551954.06
234914537274985.84, 208450578823440.4
2330728625045365.5, -1159650284026668.5
470717931832553, 54523362931695.16
264235575109835.6, 189310456903469.03
370870417863205.4, 119701601217241.56
426484764530186.25, 83397791587406.81
271952841098438.03, 184272797160909.12
215717301531591.47, 220982107711489.5
401837435569788.75, 99487020214332.94
196371037319172.44, 233610919072374.16
283442892380960.44, 176772347018151.44
282700270269290.06, 177257114229936.25
270011551536346.3, 185540027847274.56
327514748921634.56, 148003218442989.2
263442192266971.75, 189828359592560.72
467844344074947.9, 56399177162354.09
271747661344180.28, 184406733944938.5
288203659635334.4, 173664623949324
191205660739525.53, 236982762117421.44
220678692833171.16, 217743421722958.3
274803361172798.75, 182412041001257
280805918837138.94, 178493704748146.03
238192029819266.06, 206311104523701.94
280476198089297.2, 178708939125209.38
311978073516990.25, 158145214887687.53
302332976055961.2, 164441320174748.2
273324821515633.28, 183377198833017.78
725811277675148.5, -111995904493332.44
216713498877853.94, 220331812221568.2
193475666391703.38, 235500952872249.8
287236228690468.06, 174296141371667.3
281408866543649.6, 178100113884173.8
286011167920324.6, 175095833818844.25
257820839988425.53, 193497853441056.16
205752317254964.78, 227487028003176.38
285147894091947.06, 175659359790146.28
6777698898134289, -4062533656737493.5
242647577190165.84, 203402622212142.34
276997355250851.94, 180979850422527.8
298697050126050.7, 166814771823439.75
254976789858622.6, 195354386164677.53
340956504866870.5, 139228738867626.81
711060847735028.9, -102367151615754.31
183947322170173, 241720844239082.12
294431489687965.2, 169599234887190
281244675298297.53, 178207294280445.28
286688804389776.7, 174653487790174.2
284230260749146.6, 176258370444474.34
358537562981219.2, 127752214820760.31
281163575568203.56, 178260234382034.4
448699561420559.75, 68896465839524.125
3242372843163808.5, -1754751370853985.5
306217086072580.94, 161905859469454.72
287163596522428.7, 174343554036915.22
278863020666110.4, 179761985498678.56
275046735425857.3, 182253171697177.06
299543578759373.94, 166262176743353.75
216232799205566.6, 220645602285422.4
242998727411509.84, 203173399150987.25
276746917756277.34, 181143330453708.44
287482464947649.75, 174135403814895.94
212308825486386.4, 223207085129887.25
290638961498102.6, 172074913011128.06
278572058901336.9, 179951918872905.7
275809677197495.97, 181755140262912.94
300263602211118.44, 165792161434576.06
266209579096172.22, 188021870967943.75
315926943997861.25, 155567479990452.3
292155048015651.7, 171085245423283.56
264377457263236.4, 189217839386665.75
293080389309850.1, 170481203189570.7
274029335805231.47, 182917307560641.2
232793245615642.12, 209835310878845.34
254373226231589.12, 195748379087879.94
218503814014894.84, 219163134284888.7
312528556302523.94, 157785871958241.94
204248755478505.8, 228468519718364.88
301701901287066.5, 164853271759998.88
271557267724898.56, 184531018668636.28
268371768710879.06, 186610441636121.22
290770769752762.56, 171988871511558.38
242467548415877.72, 203520140995358.22
455331637388372.56, 64567194027201.875
270601417628212.25, 185154976370639.8
288606620456338.6, 173401580080057.34
279382730494403.84, 179422730471875.88
288536253408506.06, 173447514125170.25
262269583604638.75, 190593812469361.44
303189789710068.9, 163882011261650.1
283707037329620.44, 176599919065553.94
306757970066379.75, 161552782417947.2
394906956114624.3, 104011083192009.75
284267235988933.94, 176234233829613.2
281109306452398.9, 178295660054851.3
242365652689763.1, 203586656261016.38
286214924047698.25, 174962826346808.7
220586812936693.3, 217803398877603.6
269210227772981.56, 186063114192804.3
215829610663151.9, 220908794806165.34
262866466596621.78, 190204180516261.38
269239665127327.88, 186043898142050.47
304234389710657.3, 163200119594599.3
288518602061968.75, 173459036531937.7
334906820890532.2, 143177838129958.75
299289710112508.7, 166427896554501.88
228671720976862.7, 212525750573604.12
280831717370061.12, 178476864039155.16
251020634655417.9, 197936876366769.47
162946525914516.44, 255429697350413.5
286815781201627.75, 174570600149104.72
309803104161979.25, 159564986549986.38
249890666876027.97, 198674494222760.12
395617538110392.06, 103547231055883.6
606067632335238.8, -33829913785335.75
202246653559978.16, 229775447359626
277229366462435.62, 180828398659410.7
259515202335245, 192391811353549
287079562302631.4, 174398409708171.8
286449963423160.2, 174809397865604.38
367953345182080.3, 121605801439642.64
253967093531357.5, 196013493489420.03
345167137426144.3, 136480131502545.3
180562006194771.12, 243930703278580.56
185887661268971.84, 240454233994032.88
276661968615662.2, 181198783364943.34
305717358567765.94, 162232070479542.3
282841189350708.3, 177165125385121.56
274219089636093.8, 182793440476606.06
317933183123329, 154257851672438.62
250723050850493.03, 198131132461651
167887692484487.78, 252204213617237.75
274719778802337.66, 182466601715307.97
275079976510433.8, 182231472655856.3
164447172572956.2, 254450108559487.53
229695022036776.2, 211857762381716.16
309583182928527.5, 159708546244045.2
290487030924972.7, 285614203896733.2
288240690513495.94, 258208850876716.84
288529932580436.94, 261737604093397.03
285817322739503.2, 228643764034005.3
285456843031997.5, 224245911602435.9
286417622395908.9, 235967419842154.66
288879536252863.3, 266002768896998.8
277590472541036.28, 128276191612709.03
287782233285872.8, 252615672699714.7
288160033232452.94, 257224832047992.22
291863271574537.9, 302404339821428.5
297869244660390.4, 375677211468829
278995087209153.22, 145412490563735.7
289159766458880.56, 269421577410409.28
291570962027604.75, 298838163348844.4
290581421934503.7, 286765774213011.4
297861802904465.1, 375586422046540.94
298397209000731.06, 382118376420985.3
295834521290068.75, 350853586350905.1
279387179299966.25, 150196014071654.66
285801452761731.6, 228450150305192.22
274280746119854.06, 87897529274285.97
301266824587622.2, 417127686581057.06
285508987435618.2, 224882073326608.3
318790722085917.6, 630919236060261.4
289528994015841.1, 273926153605328.12
424033588842771.06, 1914882210493873.5
288793279066085.8, 264950431218313.3
295252443043580, 343752231743742.4
299241638528818.75, 392420416663655.1
287241559455341.5, 246019451967232.7
296635208335134.2, 360621968300703.44
328126020559312.25, 744809877435675.8
288408266246091, 260253274814376.6
281404947368358, 174812784506034
283923026302925.6, 205533347507759.03
290309831501203.25, 283452370926746.06
279994542154998.4, 157605840903046.94
287517093825936.3, 249380971288489.4
285834902259069.06, 228858234172708.97
284295031337668.2, 210071808931618.3
284328431514881.75, 210479291093623.72
290686275888480.75, 288044992451531.5
290079108332558.3, 280637548269277.8
275936248166128.38, 108094654238832.58
281729707475401.56, 178774857811965.47
289921921283353.94, 278719866268984.44
284737305373912.25, 215467552173795.88
281436572119066.25, 175198606464674.66
290410754612422.9, 284683632883625.5
280645787004210.56, 165551028063435.25
275184466418354.47, 98922916915990.9
288276472305370.56, 258645388737587.28
280628294571545.03, 165337620384915.78
297668833769482.7, 373232198599755.2
290867400298863.06, 290254710258195.75
293939446033465.2, 327733668220341.7
288989042482832.8, 267338744902626.7
283395696850203.44, 199099928184548.34
284908772290984.2, 217559448562073.5
281719123966859.3, 178645739007750
280662825436780.88, 165758896940793.06
287823479712320.25, 253118879102373.47
291156852328390.44, 293786025018429.75
291810137644379.25, 301756105873493.25
281813128207645.1, 179792590745336.94
298889685133204.75, 388126585237164.3
283540989503042.75, 200872498549187.94
286208742160664.1, 233419080972168.72
283355618561718.56, 198610973065032.88
289860818512722.44, 277974412467280.12
286087392735570.8, 231938617986030.3
287454779268294.06, 248620733685253.97
291777828917283.9, 301361939402929.6
285325045254529.06, 222637978717320.97
281154090171201.1, 171752326700719.75
281581527727150.6, 176967064883304.03
314809557493180.94, 582349028028873.9
280504847224497.47, 163831562750935.5
293538467990986.4, 322841736102100.1
283439550433674.06, 199634941902889.97
280718675184797.97, 166440263866601.62
284254042463469.75, 209571744666397.34
281765726668664.9, 179214291969777.88
295777920405819.5, 350163055563064.3
278973819998678.47, 145153030595943.72
290736084445099.75, 288652656842283.4
292840269780742.2, 314323717937121.1
285577799768578.7, 225721583788726.4
285007354139843.94, 218762147118162.44
274367932321102.2, 88961200929513.1
285692066556940.7, 227115638606742.8
293373900020839.56, 320834006866309.06
287203900510984.6, 245560012846078.84
312973445625666.7, 559948463245200
287169855435924.44, 245144662930344.53
286090279983567.06, 231973842411584.56
283002635312692.94, 194304577426920.25
294365431909002.44, 332930695901896.1
291321267191502.7, 295791886348399.2
278996794686762.8, 145433321790572.72
283390413614423.6, 199035472708034.62
282625256055684.75, 189700550491420.34
291050032895899.06, 292482827942035
283118012642008.3, 195712180844567.8
282000133929935.25, 182074060557276.44
282310182193047.8, 185856649367249.72
273675059944823.5, 80508157938913.1
281110363309105, 171218858983147.4
276712582560955.1, 117565933855718.53
293064365880883.1, 317057690358840.5
279837352401064.2, 155688125905049.5
287741742409842.4, 252121684012143.38
278643801801391.06, 141126808589037.38
286593084915446.56, 238108062580514.47
294634737428728.25, 336216223242551.06
296596675329142.06, 360151865627599.56
301701107347778.75, 422425936254967.1
300591672192832.75, 408890827364625.94
292219392646122.5, 306749016894760.9
296844154654967.44, 363171113402669.1
276741778063171.7, 117922118982760.98
286410389367260.56, 235879176892645.28
276747089442252.2, 117986917807543.1
282790825321162.2, 191720495530245.06
302628669617544, 433742195946103.2
283372687894757.7, 198819218928110.2
278699950568823.28, 141811823551710.44
285707344442451.44, 227302028809973.94
295981540657376.94, 352647222632065.06
280469655778600, 163402227110986.4
292996939727981.4, 316235091293439.1
284142546422476.44, 208211492966278.94
282698784836434.3, 190597601616565
281381212983771.03, 174523225014073
290537589206291.06, 286231014928817.4
293396455646675.44, 321109185501506.75
278131456544809.16, 134876196458738.1
289718093062865.94, 276233161979030.84
284636715488873.5, 214240355576323.1
280909339141547.9, 168766364138950.84
279398012952081.97, 150328184627466.44
285943213197559.7, 230179627622294.6
282327047247294.9, 186062403029063.88
281867250789617.2, 180452886245396.06
280958602969937.25, 169367382845300.84
288199785357427.9, 257709807972686.47
279749949318349.6, 154621808295931.44
294942549264999.9, 339971527645064.9
290075376505546.44, 280592019979732.94
288611112600591.25, 262728000339279.66
283943476508550.56, 205782840016383.28
280631007723437.22, 165370720838000.47
275826259834593.7, 106752796594109.38
283279949150459.2, 197687806247668.5
287474250218450.25, 248858279277159.47
287359268227443.06, 247455498986871.78
290525673151118.1, 286085639055707.5
288062991020320, 256040917059970.4
289090054634064.94, 268571093147658.62
292693782868050, 312536577602276.4
283279754318317.6, 197685429295541.44
284042316752782.44, 206988690996012.12
287308642156238, 246837860918170
281238491626257.4, 172782024452406.75
291305738097731.8, 295602431404394.5
299563783361783.6, 396350583625826.6
285498400828836.6, 224752916723873.22
295693527592516.44, 349133463240766.94
280958783577616.1, 169369586258982.75
277632871566158.62, 128793459719201.62
288630607133035.5, 262965833635099.5
308575942181627.1, 506298921227917.3
291174561061103.4, 294002071557527.56
300875275598710.4, 412350788916333
285862561745977.06, 229195679912986.56
291251411345226.2, 294939645023825.9
310344309023848.2, 527872996703014.25
298013658770089, 377439063607152.2
290782570881652.94, 289219791368232.25
278274263219914.66, 136618437895025.2
283807298700626.8, 204121470759713.53
283044564667474.6, 194816115555256.8
293093847986311.8, 317417372045070.5
283730377458386.3, 203183031604379.4
286031500121671.2, 231256728096454.9
280090659788299.4, 158778476029319.16
284576401646388.75, 213504526698009.12
288680537307910.3, 263574981768572.2
293400651092226.9, 321160369937234.25
288493538968613.9, 261293602029155.66
290097517272988.8, 280862137342529.9
286597588147899.06, 238163002016434.97
296338397899526.9, 357000880986294.25
285609224592220.56, 226104966637157.28
282244422580228.9, 185054382090858.7
282661112610868.3, 190138000464659.8
285854792179599, 229100891203174.2
277928456763375.5, 132399599125247.5
284323393298127.25, 210417824849218.88
290243133342462.4, 282638653390107.4
278536194879098.56, 139814004137068.86
299342909941625.8, 393655927899901.3
285351821761181, 222964652098474.6
285675307808067.3, 226911181870487.6
291279576718144.7, 295283262573431.6
288208016054086.1, 257810222471917.12
288155454531735.6, 257168971899241.03
295434161783989.44, 345969200376737.56
285128964469881.5, 220245793144620.7
283024166307172.7, 194567255559573.2
273376147510810.5, 256608053937965.97
285476436830934.2, 277120309095608.78
261901400918352.4, 237156210783906
249212095458440.9, 215645463025660.28
271080144389866.9, 252715898914762.12
275639639984339.44, 260445097328921.44
253568558326296.5, 223030482967426.2
301635593456491.2, 304513104017007.56
232167805018712.28, 186752200622483.94
286115385255890.7, 278203446265187.47
287474200859412.44, 280506893036932.88
290758719756500.6, 286074767317023.56
217162021840513.25, 161314589566392.56
332260879290696.75, 356428695511356
312406937374691.56, 322772547985293.75
272393123905070.9, 254941644937861.94
267746891805053.6, 247065411912698.9
270330328455788, 251444820566617.66
651306089334944, 897270040880481
185616751567711.34, 107839452259022.47
424497983198897.25, 512787850264829.56
285206936974660.75, 276663456398075.72
284910122058364.2, 276160299561359.1
338769064518313.1, 367461287581700.4
284316910257188.9, 275154694529420.2
275777371339563.12, 260678577754621.47
272873782039722.72, 255756450438849.25
287140676430390.4, 279941506705382.12
271212051139070.8, 252939505543091.72
289960972372883.75, 284722436190785.3
225249668477077.06, 175024664346022.12
266741128633281, 245360455092100.44
276235161646238.25, 261454618007113.53
263037114272134, 239081457485236.28
278549614853222.97, 265378049379381.75
291308858295132.8, 287007355107111.25
284647559826470.94, 275715207435636.3
273664863600444.97, 257097481747667.16
288434045613984.44, 282134009546020.2
244429552889112.53, 207538158242360.3
263667041977024.03, 240149302845932.22
290221445917186.25, 285163987600110.94
277514252032508.75, 263622915613786
255764062532780.62, 226752273520663.97
324341256584750.3, 343003452742452.1
296179118168286.3, 295263357138072
328223936104026.5, 349585321232348.1
277434140012651.16, 263487110745899.06
249148925642423.38, 215538378364282.97
282019784349880.3, 271260636173180.56
1733715101952382, 2732155907189186
274030122940436.9, 257716664693001.1
285798748690160.56, 277666688022746.56
308512170328443.06, 316170188874808.4
250763926930736.62, 218276107820942.3
335943835237930.3, 362671995165222.5
242890233068740.78, 204928723038842.44
337798997174583.6, 365816841870672.25
279814420236793.1, 267522131232813.47
235954590537037.12, 193171510832692.38
286650907134306, 279111256080469
272433174577008.44, 255009538322911.12
274833431017702.22, 259078422235744.97
303066094140196.2, 306938070416657.2
256534004223809.66, 228057468793691.8
228368760919140.53, 180312109822675.2
264183247785030.78, 241024368306563.97
260841497227760.6, 235359475650656.78
277685117189020.72, 263912564034183.28
311502981994608, 321240174426542.5
292193459288524.1, 288506919357940.4
303154678377862.56, 307088237279439.25
274805074999376.9, 259030353477407.4
282425497410325.8, 271948395746235.22
283518422812791.94, 273801108861645.72
305687395148884.4, 311381666244219.56
323147025162177.25, 340979006961940.6
272403943227900.38, 254959985715064.84
282851949675509.4, 272671312152990.25
255962235359828.6, 227088213553681.12
248837615775677.38, 215010649873595.88
323831154482957, 342138734206257.06
298342577054277.25, 298930824875286.6
225533771583664.25, 175506272286065.62
243464300688568.6, 205901875100261.78
265769953951205.47, 243714132235320
293990033052818.7, 291552448145541.4
267117713162237.84, 245998836352417.66
199154684427312.84, 130788782293748
270334005231719.1, 251451053389987.5
277881056367749.4, 264244717615236.72
246216461026287.94, 210567301982919.7
304682682073610.94, 309678489533729.25
316663764632856, 329988666920257
646564296641091.1, 889231814763094
301756234731458.3, 304717613557994.6
256560304387187.25, 228102052493107.28
278109870618598.5, 264632600596622.62
301821682050825.2, 304828559013819.75
259728399109698.16, 233472566006668.56
206172001643251.7, 142684448376382.3
198573789985156, 129804057490733.47
241863234583638.84, 203187768387626.84
304447553967089.2, 309279903385240.5
264935906423020.5, 242300265569894.12
290997219804452.6, 286479069537348.6
482227091879480.1, 610649494391807
342644632212717.75, 374031100197348.8
295387292643719.2, 293921064671292.44
270699342394848.56, 252070368260105.34
371976220745418.06, 423753632629787.3
188740942273188.1, 113135540246381.45
269213250158113.22, 249551163773233.12
269648134019568.62, 250288373313775.2
360539534303770.3, 404366308554908.56
237419646403415.84, 195655054734521.56
242444108283670.3, 204172458028856.66
280641859209539.6, 268924795159875.7
357474994027145.7, 399171339208972.7
284022113462021.4, 274654958785740.53
287370349132936.6, 280330844923067.47
271025761916126.06, 252623710443233.53
212045217559316.03, 152640648619122.38
251133679917230.3, 218902908338153.56
271301024612877.72, 253090332233983.66
275443594545225.84, 260112763616627.28
269600085274547.2, 250206921697883.22
290837508031005.2, 286208328188777.25
279624937764935.8, 267200922978381.6
285778936053298.9, 277633101895018.44
314545433595035.94, 326397699332080.75
262523159966992.88, 238210208743366.03
246330084045453.1, 210759914266745.12
279143480564299.5, 266384762910992.78
275048430093584.1, 259442885909833.5
295731795658864.7, 294505061761138
348955396898823.5, 384729027499463.94
228376001445645.53, 180324383870279.88
305057449010879.5, 310313789635943.9
254999931119166, 225456927755338.66
293227120634682.7, 290259168805706.5
266559184410761.78, 245052025581198.88
299589213850191.4, 301044107572103.56
286599125858059.44, 279023477125548.38
2561515137941504, 4135431904026361
288567516184055.1, 282360267143412.75
220808281347701.88, 167495681886065.25
277297190304461.06, 263254955358218.53
272716984470579.9, 255490649212013.56
255418154613330.4, 226165894855071.9
264483552763503.28, 241533441451889.03
229324273105293.3, 181931881817383.38
283870403710679.06, 274397782362342.06
274844956771247.72, 259097960545231.2
286967895379841.75, 279648610486002.9
275091153505438.75, 259515310089287.62
276439127818254, 261800378844166.97
183035463357893.4, 103463685614571.75
267738422798168.97, 247051055360921.22
235623052098683.56, 192609491127034.2
288857491219195.8, 282851829101378.5
221825270402950.53, 169219668680256.8
282299096626927.25, 271734122760474.03
700101785824924.5, 979987879315367.9
309112424551890.7, 317187732130599.25
272451820271905.03, 255041146265596.78
296390987617518.4, 295622515509230.1
284064362932457.2, 274726579545784.12
273517252421469.4, 256847253171542.8
347006401170802.4, 381425114955171.44
248671597536309.62, 214729217884935.06
256958956830197.5, 228777842998103.28
289209682440790.6, 258313203853502.25
545211658136637.6, 285882647389978.06
276786108392912, 256975280494499.94
275692593194813.28, 256857517319320.06
255620950080930.62, 254695955753209.62
292239890622461.1, 258639533965374.47
288567728556567.25, 258244070358278.2
292873872849997.8, 258707808974493.78
282349130583448.6, 257574375191942.34
252192574283109.16, 254326746051905.78
440165538699467.9, 274569988373667.5
346788999747242.9, 264514053409581.72
272589721494258.2, 256523361905414.16
259899314594846.97, 255156702700862.16
270213838672336.4, 256267497601514.88
302330286075218.8, 259726191937209.9
310551967431273.5, 260611603775554.25
291024738345243.5, 258508671412443.34
282075666895152.8, 257544925256279.72
278526926434735.4, 257162753206696.3
277260934439519.9, 257026415607211.56
378213850288689.94, 267898268083276.03
286191342165242.1, 257988151823827.8
271273360709099.56, 256381599974704.75
296985010635791.4, 259150546889886.94
267370883770032.7, 255961333227420.62
280088455238391.3, 257330917847090.03
308917311550015.06, 260435563911418.72
279404435401333.7, 257257254172329.97
262240526162144.4, 255408833177340.34
273671838968041.1, 256639897633360
682088725715777.1, 300623254667731.56
298384503885683.6, 259301261547567.66
259570919407571.72, 255121337065309.44
300331366550312.5, 259510923680681.53
343659947771431.9, 264177078581417.47
289035311790388.4, 258294425475766.62
244917502507245.4, 253543276783735.84
389534791610874.56, 269117446379511.28
252839314353710.3, 254396394982585.9
248884180126098.8, 253970457450381.6
282753726485804.75, 257617947058349.94
329486665054274.44, 262650725058031.28
336602958366991.44, 263417095107093.1
276384141698689.12, 256931991773583.62
279000134443007.25, 257213714069125.6
460937264876551.75, 276806943500430.38
250719483538317.9, 254168105510159.03
302921708255488.7, 259789883556623.6
281692875793107.56, 257503701599136.38
8648343468558777, 1158527611589285.5
332278715219743.3, 262951407383543.3
271600300188337.66, 256416808841699.62
277304348115476.25, 257031090926160.72
260332174912704.72, 255203318427400.7
337463843244664.06, 263509805786227.1
314554566141288.6, 261042652867402.03
244384621415134.94, 253485889589200.88
278397095361169.1, 257148771398773.78
334786665894326.25, 263221494379267.62
342590212058213.2, 264061876273840.06
361575526129130.7, 266106448558400.4
275514033054809.9, 256838287765781.25
283119239437250.7, 257657309991582.56
282717080819740.4, 257614000602004.53
293196764982933.1, 258742581973425.28
270326247640548.8, 256279603182706.97
285172403354118, 257878419951860.6
251718564259554.84, 254275698818599.94
306075108492713.9, 260129480505247.84
262124444772148.2, 255396332104571.53
371143378117634.8, 267136832618700.84
264061235326981.22, 255604909548938.16
419361593235843.9, 272329563477584.9
270214751085247.53, 256267595861366.84
330494522275543.2, 262759263528014.06
278781635206026.5, 257190183382066.12
438547604935769.7, 274395749352961.53
371587806706158.06, 267184694159003.38
368793901308422.56, 266883812039247.22
290076106751935.75, 258406511087010.2
338908684845714.06, 263665404112494
291242463553973.3, 258532118742614.22
251653455676999.44, 254268687125093.97
258378099220272.38, 254992879506677.22
276918748153104.06, 256989564776366.78
448582386458344.94, 275476418132315.78
414929018181312.56, 271852209240943.06
406594121308859.3, 270954604962371.2
366730604407594.25, 266661610834542.66
260496862539033.25, 255221054017928.38
312093978435811.3, 260777666499119.88
283787355556202, 257729260958238.88
269193514098318.62, 256157616493543.72
313837580160697.3, 260965438992569.12
263991500954315.2, 255597399693420.28
268504136753862.9, 256083375856448.5
310010641929890.8, 260553307183097.66
249116838861026.66, 253995513006450.75
287888998007021.2, 258170976299096.3
313538863340921.4, 260933269488900.94
281144682710183.6, 257444665420975.34
279017362620124.47, 257215569411276.66
355705716941602.2, 265474315261281.97
270604962685292.78, 256309618649064.03
278589814334014.8, 257169525749695.62
246774571779036.53, 253743268859159.5
286560622578014.3, 258027920483664.8
292700758811855.3, 258689165924232.28
254159835101527.84, 254538604909273.94
282803336474062.2, 257623289672469.97
275236606865767.25, 256808411099268.97
395526122633425.4, 269762666643478.3
698770027791387.4, 302419702583566.5
393805369768498.75, 269577354796486.2
428750405789928.6, 273340666368024.8
286931303196216.3, 258067839934855.78
260681810226121.38, 255240971461153.25
309544935127237.75, 260503154142811.94
254911729152508.3, 254619578114764.16
284575332237824.94, 257814119985490.56
280499413476620.1, 257375174888130.03
277974441736059.66, 257103254854531.22
272542076940126, 256518230953430.7
240336140964454.4, 253049899386819.88
290936456266537.94, 258499164111659.66
255330604018861.5, 254664687715756.03
290129434436028, 258412254068373.97
275920151117411.66, 256882023557138.38
276803967084964.12, 256977203738259.4
371168645031964.2, 267139553671013.25
259591210802458.25, 255123522292451.06
562174778374612.4, 287709444954067.7
467939508968572.7, 277561031325724.94
281085297818248.2, 257438270124920.75
294406947495541.1, 258872909320936.9
271795270967556.94, 256437805694846.3
1180596858182687.2, 354308745856475.75
288113721563972.2, 258195177297537.2
276130624489550.94, 256904689920291.8
295804766775701.9, 225088911071968.03
295499092324255.8, 226628818214158.56
290907782306859.1, 249758625282930.56
262078299863778.2, 394993942496187.4
287837670408236.8, 265225038055235.4
274583540403542.06, 331995843927942.94
264065483180599.62, 384983037862388.8
261494415921427.4, 397935395564256.4
264168010401576.34, 384466532805770.25
289799523476152.2, 255341740524416.44
289005940727617.3, 259339600785903.47
280926003065152.5, 300044192406245.06
270997634783282.97, 350060689222455.75
271162142360177.6, 349231943504892.25
318552771446362.44, 110490472448074.25
261325453066618.78, 398786585795084.75
284117359308561.06, 283966982651715.1
286060160693833.75, 274179662465530.1
269000148115236.75, 360123499418084.8
259569378539874.88, 407633225392077.6
276951594420624.47, 320066213313584.4
258648452973691.38, 412272605131153
279126109977470.38, 309111578338530.5
312887791854931.56, 139029143219999.56
297540053046660.5, 216346997216384
267525839130237.7, 367550678644400.8
267011732294406.3, 370140613081513.6
262049768641223.16, 395137675258870.25
292833934692545.1, 240055178358814.3
265564035343391.5, 377433727910210.9
260389381831752.97, 403502265412238.94
285618916074736.1, 276402536301361.53
277082091042384.56, 319408805803962.8
286682811089868, 271042914243999.06
274494799901687.2, 332442895135400.5
284922344657353.2, 279911679102139.72
293149608407231.44, 238464897569734.2
269687834086744.1, 356659119146528.94
264692046122389.8, 381826579268842
288801953057184.3, 260367236786009.34
301877192285938.56, 194497635388322.84
286742803256369.6, 270740689556151.25
272781846494435.88, 341072301922874.1
268349206505048.44, 363402771303373.06
311169268529516.7, 147686609783882.06
272508719906574.47, 342448241525874
291917542742036.06, 244671718939680.72
295957615215267.75, 224318901008494.66
294601137047640.06, 231152479702015.28
268098024015975.88, 364668162333229.2
262196672243794.1, 394397613713843.06
279659959211826.9, 306422186912621.2
285586452549558.7, 276566078965934.66
272351728856229.84, 343239120968176.2
303672546862239.3, 185453113277524.72
281174593490789.94, 298791859507279.1
297226911068454.4, 217924523785837.5
277443973594040.44, 317585737100337.9
308951199044380.75, 158860657944849.94
306058642305514.06, 173432594723668.9
289231413518013, 258203728426740.28
333673606386694.2, 34315700201497.312
284130263514351.9, 283901974671599.1
277508407136366.72, 317261137934279.1
287515589999827.5, 266847594074957.8
302813803172199.3, 189779237149990.38
280302255402823.94, 303186468365522.94
298993514904210.6, 209024840311367.34
300654149031925.4, 200659004234011.88
290412043911430.2, 252256024369336.72
285529041582417.1, 276855300253232.72
282227743413608.75, 293486368386663.56
312295850220082.2, 142011188814429.5
257844468970447.47, 416322864166362.9
268204292687776.3, 364132808835668.5
294187299872815.94, 233237282073299.06
266500668428623.9, 372715217839323.06
300666367183255.75, 200597452415045.66
284962532771108.56, 279709222000768.3
298662913074828.8, 210690324999007.8
291857840527141.3, 244972482927924.06
281656842571122.2, 296362416027114.75
296716940259825.06, 220493622010441.78
307231600486846.1, 167523541244128.12
264686247847496.3, 381855789446135.7
300884883308406.56, 199496625897776.5
276911439055979.78, 320268505433586.9
262908360417950.03, 390812316685548.06
302258258088838.75, 192577926532203.03
297907127459480, 214497773287651.8
302978965808341.2, 188947191416973.75
265929122124976.47, 375594517142603.56
299373236238197.2, 207111904534491.62
322218407589155.3, 92023965841929
283034363606139.44, 289422828926178.8
275705517706750.53, 326343618645741.75
311730827266515.94, 144857625203150
281105526226015.38, 299139802143030.2
284040781780528.2, 284352760009918.5
290979385069238.8, 249397909479998.94
258697046001612.94, 412027806292378.3
278761741016914.84, 310947172913404.56
292395784132935.2, 242262465140245.47
273257705120876.72, 338675051861370.25
269638053259887.25, 356909901802581.3
294177763033730, 233285326149448.97
304501974735446.25, 181274674746463.34
275564242800508.03, 327055324305491.75
282548598101012.5, 291869987225591.9
269419454134069.1, 358011146455287.9
294850071334333.25, 229898414521881.66
268058655665548.44, 364866489683495.75
281848964087304.9, 295394558577666.1
332350317606786.25, 40982079526693.94
301898181101006.7, 194391899282224.9
301223625634390.8, 197790131538572.84
267450002378969.2, 367932724164942.1
304730921821016.75, 180121299805947.8
259588325667208.94, 407537774769470.2
313819846764503.06, 134333696788762.06
279158763640549.25, 308947077809435
310624829730621.44, 150429348638694
275310458920595.66, 328333820455239
259309691450203.66, 408941460353251.5
303667933802039.3, 185476352656268.12
289499379852222.7, 256853784818551.84
302744048389676.1, 190130643318550.56
290133357351930, 253659973640781.06
271156651654831.94, 349259604228048.6
277789720556745.72, 315843955231615.06
266377846182134, 373333963873526.94
270411516868145.16, 353013396455319.8
257500030607454.25, 418058053655404.2
282439954455205.06, 292417305214848.2
279073173004896.72, 309378260823005.3
276000791451876.7, 324856107514634.5
309773690917576.7, 154717161149693.03
293535313517198.25, 236521817110090.06
306116069022560.25, 173143294092511.7
300214886174789.1, 202871894476566.22
269802041433806.97, 356083772700004.6
298564969289549.5, 211183739917301.7
294414812019232, 232091135977203.06
269577612048137.88, 357214388661771.56
311535133471490.56, 145843478849787.28
275616492598748.9, 326792103623787.7
295362677438876.06, 227316040372581.1
329955374163151.5, 53047171969155.75
329030819227342.2, 57704835513704.56
284332665677162.6, 282882326040080.9
280630216730187.7, 301534285829558.4
298628900597394, 210861670875896.38
287207445878234.9, 268399942762981.03
313520592454031.75, 135841260956608.06
297669508052884, 215694837090692.03
308291889972430.06, 162182082892224.16
297435741924392.5, 216872489096488.84
266039479181639.03, 375038567442058.2
296434875806776.25, 221914588217310.34
257933758467478.72, 415873047266224.3
310393355021650, 151595457078229.34
265614616022314.34, 377178915810731.6
289801137916286.2, 255333607401477.25
298242813749184.25, 212806674431971.94
271419548163962.1, 347935201059411.8
284910757136546.6, 279970053971108.62
284886739567940.75, 280091048137481.62
288361775539710.7, 262584734845734.94
297629117540549.25, 215898313822642.56
322878266880545.6, 88699769034358.94
306999268324421.56, 168693969307663.16
291910246299050.06, 244708476492081.88
291492056169946.7, 246815207897187.56
284191495595002.56, 283593503623792.9
290229526421533.6, 253175499271268.44
266855833646546.22, 370925989288657.8
284893756552193.44, 280055698424359.6
280039597592616.72, 304509669032038.5
312612258705538.4, 140417206444301.12
299708674491204.8, 205422055222170.22
295271540240383.44, 227775165504609.97
267214364351018.6, 369119806305749.8
281316055303426.7, 298079212262486.44
294484149449730.1, 231741832317901.16
274194160084959.2, 333957439117785
302982962499673.8, 188927057141769.78
308969639553133.8, 158767759532829.78
288411493258130.94, 262334270113315.97
274961266464698.4, 330092959808532.7
276991462352910.47, 319865369201879.44
270938608976464.03, 350358045645487
296767704760545, 220237883865305.47
283120888251933.3, 288986940616236.06
286112007191859.8, 273918473503776.16
273606648341747.66, 336917168088303.44
286009033963454.8, 274437225428005.12
317556024584084.56, 115511819848606.19
267085278917330.03, 369770104622633.75
303307762297022.9, 187290801558898.06
295474404470662.1, 226753189099243.75
311614973390330.9, 145441266428459.66
296726147455819.25, 220447238589112.56
287749285334850.06, 265670298707957.34
281025182669361.03, 299544551758628.5
288614214306941.56, 261313015018364.3
285117025904596.2, 278930926403764.6
289690061358631.2, 255893181757965.66
272582843810594.8, 342074824877318.7
312658777309326.25, 140182858006350.88
269002615781838.28, 360111067965582.75
299785298756944.44, 205036042411746.06
297249501168538.06, 217810720828812.16
310654327800275.7, 150280745155718.84
297742927751146.9, 215324968044726.22
260962194110846.22, 400616588459071.06
284196374706378.2, 283568923949504.4
271329817215391.25, 348387241875797
316655496970710.4, 120048440089566.69
283571302011803, 286717875071232.2
270670818325887.4, 351707104205939
291436670676464.56, 247094225383220.16
302582331094492.1, 190945332333911.47
281993401017155, 294666923478232.5
294017013209856.1, 234095141299907.94
289431248746451.5, 257197011332531.25
274646672431600.34, 331677801446970.06
296426788042403.3, 221955332237830.6
308500927648124.7, 161129006299573.84
293086653526859.25, 226056375109691.66
284218460334264.6, 229212850652818.56
254002396426206.34, 239967720857381.7
276057759400005.34, 232117506917554.9
254651370636349.94, 239736730036822.1
177984606972936.75, 267024900154308.12
273331626333424.88, 233087825466676.78
277860449059294.44, 231475871615096.1
159084462020972.06, 273752070391448.12
230967769393257.62, 248166486411482.06
185455653323850.56, 264365714164999.8
305756348049544.06, 221546822821956.38
276615537520146.28, 231918975722250.5
214793806817312.88, 253923320548682.75
247637816825289.94, 242233079698385.8
269831668650444.72, 234333573116551.06
285506303345727.25, 228754465852128.47
270751552215065.47, 234006156932533.5
223643048148515.53, 250773590583339.44
287103903696791, 228185828439038
278718899154681.1, 231170321581144.9
306621128291437.9, 221239019685011.12
26593337101954.297, 320909928413471.4
238003224029193.2, 245662341541064.3
323456347441862.6, 215246823038249.78
284935961284585.2, 228957468958636.66
270874039382921.44, 233962559804991.56
307482711562697.94, 220932354452867.72
266163625235223.22, 235639147891460.4
317397965594167.56, 217403196238276.84
288221186979744.94, 227788151338325.56
292254510436335.3, 226352561633437.47
282284000339349.7, 229901387261178.12
201051426016384.88, 258814676426979.12
247683730844212.22, 242216737420464.3
274034679079009.34, 232837586353841.62
359460091310076.8, 202431931152953.2
309274604886336.9, 220294561913945.38
264764731245909.34, 236137059311385.7
316849111204625.2, 217598551190486.84
323394152823040.44, 215268960105966.16
249809469374532.47, 241460118621536.78
242049442979247.25, 244222161914773.9
231211747748605.28, 248079646657883.75
284283086233759.44, 229189848214015.3
306053680039955.75, 221440992791470.88
311456789967882.9, 219517851969666.3
271229359893088.12, 233836089792898.34
230080263063074.44, 248482378495106.6
224907475964135.75, 250323540004898.3
248758352458109.53, 241834244981619.53
291957378311037.7, 226458320525492.56
153009845684087.47, 275914221968983.3
287196132083011.5, 228153001386315.44
349023539310875.8, 206146636101821.34
288629885171819.7, 227642682490298.97
330954751479863.5, 212577899567096.94
322183224414871.8, 215699968522432.94
265590493955245.12, 235843143770774.66
312178745506318.06, 219260884744121.56
103706287116590.88, 293462946204871.94
301030003907115.2, 223229080906549.72
257925415127225.12, 238571392167188.56
307983483042383.25, 220754113756708.53
49423589643382.6, 312783906322454.5
284478600134080.3, 229120258520680.78
284504989154388.8, 229110865818537.06
281361425413080.66, 230229761387477.25
286036187595508.06, 228565862983562.4
201484932895252.28, 258660377368399.22
349559178747569.8, 205955984776896.38
289991273870303.5, 227158120411177.6
279475205821856.72, 230901127682658.66
141711106132458.75, 279935807233122.34
205259093301881.1, 257317032138921.2
-135579384305651.14, 378632422473805.5
249547678479254.03, 241553298431720.62
293384171218339.1, 225950478982215.78
268555472151371.3, 234787812548424.66
223217226825074.47, 250925154105242.2
270956811563320.7, 233933098520442.66
331158447566265, 212505397570242.16
326930819325002, 214010146605267.97
270766056208506.44, 234000994494190.12
316458365944090.4, 217737630012033.12
204528573279277.28, 257577047740186.94
326591569041862.06, 214130896706046.6
279814911275011.4, 230780215572213.78
316341680573820.3, 217779162092976.7
284541947967289.94, 229097710986826.5
246688272839113.94, 242571052981601
257283467682829.06, 238799881935532.9
273201045102046.78, 233134303532082.53
233744070406147.22, 247178311474690.88
354267674458133.3, 204280079523983.94
269718992130985.53, 234373678318392.47
327725694529362.6, 213727224922359.94
320946531371315.2, 216140147402342.94
225071891948805.97, 250265019061202.12
309611915068284.3, 220174502357659
287231608660523, 228140374129913.03
-401557636713063.56, 473302647906952.3
294357265812591.1, 225604123279176.94
267372174102962.97, 235208986430061.53
301883153747990.56, 222925417403865.25
275627539837065.7, 232270635914533.44
278351133395582.9, 231301221258112.06
300435838869610.44, 223440563377525.97
287914218064342.6, 227897411460756.9
273021952193471.7, 233198048465643.16
297356164839365.56, 224536718540833.47
34810217059481.035, 317985276225199.1
247545894845586.2, 242265797691161.72
301501970027274.7, 223061092965476
232266784164818.62, 247704125221604.44
276862296240440.78, 231831146347230.44
171919059447084.1, 269183823849950.62
250913139895949.44, 241067286741032.44
305428901556641.7, 221663371573667.4
235994777764166.66, 246377212245565.28
329368745159347.94, 213142410291348.22
275817174540975.44, 232203138816531.66
323371427735925.6, 215277048696295.16
191039317586023.38, 262378308241175.62
317232291323092.9, 217462165046625.44
147459397449420.53, 277889805238949.5
306349086467087.06, 221335848130966.5
263321996778024.97, 236650574969446.25
296496492707968.7, 224842703536754.4
277024829404279.22, 231773295560101.5
289030487477999.44, 227500095228777.34
178907637041429.44, 266696364028234.47
329999630142990.4, 212917858009034.8
355931553695251.1, 203687851320942
277722547299787.7, 231524955292208.66
257528704425658.16, 238712594281305.62
337008064136446.2, 210423330655431.9
287082803056619.44, 228193338836387.2
228544296187869.4, 249029078569332.12
281924125955208.4, 230029478143669.1
222060264681203.6, 251336954190348.75
272726208168297.38, 233303313288162.84
-243886404801628.53, 417182378921526.25
280915518526489.3, 230388474008128.4
276736513443647.5, 231875916495241.6
226245351009845.06, 249847347192018.75
308257942591834, 220656424764531.16
301377760446529.7, 223105303155232.7
307661023681744.75, 220868887427444.28
248115857102832, 242062929769091.2
223473657893354.2, 250833882030091.75
217833499873034.97, 252841395901730.8
284988697960833.7, 228938698277260.06
162122699930059.2, 272670663678044.22
284682853143787.1, 229047558296886.8
278757104814292.53, 231156722956537.44
314986848312412.4, 218261390525003.25
286595804272008.06, 228366677386842.1
310317817950704.06, 219923248789340.12
15260382176410.803, 324943692031037.75
182209610955080.12, 265521085177613.03
-283758040691049.6, 431373978136405
278851007887445.9, 231123299828804.88
286704330635604.9, 228328049359121.2
284668652211960.7, 229052612865842
296263039447998.94, 224925797069963.97
210471861193436.6, 255461640177520.06
302167927435947.3, 222824057277643.38
246361126926080.34, 242687494747257.03
282362238777506.25, 223511598728489.28
208468229105473.94, 205977426941905.34
276206344328503.97, 222050878011776.88
253150471001639.25, 216579992815571.7
262812399271131.5, 218872653760874.94
273868560247573.3, 221496149585793.3
215002635620602.97, 207527964081088.5
209983321131634.25, 206336940304045.06
303348867987810.3, 228491476846188.56
274309581279206.53, 221600798644146.97
236487087008492.06, 212625969495163.88
453835001677509.8, 264200050942049.44
360100753638028.44, 241958025983528.44
268064886375670.25, 220119006633138.38
289051727753984.06, 225098935095789.1
271069767856974.06, 220832029357515.53
211944923746569.25, 206802405331317.78
285168888900267.3, 224177583503381.75
345482092608900.25, 238489191163057.34
277600341855290.06, 222381657085929.5
301324921615782.56, 228011218385029.44
348331614284934.8, 239165348848896.06
284724705723367.3, 224072184105473.25
270638338812725.03, 220729656363964.94
305280487291696.25, 228949827189483.5
265201270181394.5, 219439504485344.12
306367474901813.6, 229207756452901.2
292430338653456.6, 225900639377019.88
291981502264327.06, 225794135827056.94
282942125424750.6, 223649198949869.3
207421439945902.97, 205729036293871.56
274206345000560.9, 221576301900061.56
946609733238540, 381129648261615.94
311018248444816.25, 230311329835986.56
269081060242180.25, 220360132635361.06
311768793533646.3, 230489425280793.7
331656400787779.8, 235208518527537.25
259292355778660.97, 218037389203339.56
404254444600278.7, 252435172991520.03
199144171128957.5, 203764938608494.66
249020532031907.78, 215600007297330.3
284560499777843.44, 224033219982806.56
311109973513176.3, 230333095106444.88
318681000927836, 232129610086194.66
337438494632273.5, 236580540795722.2
266550308290258.3, 219759615223040.62
252295975195200.7, 216377231098789.66
472754060006221.2, 268689319020048.75
244413173803611.06, 214506735853327.72
291718356585386.06, 225731694479511.62
287823418849344.1, 224807471965874.53
378935232199999.94, 246427224286369.12
290001926385154.56, 225324405957422.78
309878686058495.9, 230040925201944.44
281619823106606.8, 223335432298106.38
269752483904162.53, 220519453504306.03
319665840400223.5, 232363300808456.1
302871675652706.44, 228378244766672.38
273506037280457.47, 221410127186816.7
314543443098647.5, 231147816702997.38
355235509530559, 240803561280061.12
386925937835359.44, 248323323928657.8
286012424382486.44, 224377744465264.25
284749302033058.44, 224078020517942.34
281012993604639.25, 223191438856961.5
284984519922338.5, 224133834932347.78
311159640726661.3, 230344880546932.84
290268975345419.06, 225387773507316.06
248190251833148.44, 215402991656946.75
244954508883947.34, 214635188245271.9
293456036522217.9, 226144025311980.2
272783566087381.56, 221238693344391.9
205225280617341.94, 205207913741331.66
411881570698841.25, 254244999523382.3
274840630532566.38, 221726810331384.9
390318634921367.06, 249128370694829.12
377931253690219.6, 246188992097607.72
271091979868503.22, 220837300004319.06
321126165958513.6, 232709818737541.88
243016827442361.16, 214175399428624.34
419657856420742.8, 256090219864172.53
397379102656680.9, 250803735920157.8
346217879385378.44, 238663784635442
276607984708579.75, 222146182508744
324022642637145, 233397118288403.56
283322164799281.56, 223739377784503.75
233696726246545.25, 211963849992329.03
255824313551863.75, 217214463929184.28
271292026693264.78, 220884768742398.1
477219684027880.75, 269748958618408.66
211755070277345.34, 206757355355569.75
395668928220975.44, 250397931816770.1
363960464321754.9, 242873889535599.12
361985913717946.5, 242405352104186.97
326614088459794.56, 234012037636150.9
276124477477771.34, 222031451979399.62
294871627459988.1, 226479928246366.34
272217898520887.88, 221104467142173.06
263249051469092.88, 218976266146831.88
303387070127633.4, 228500541760722.84
272034707175125.56, 221060998009280.3
281312743266101.97, 223262565895274.7
302137039180432.5, 228203924247827.72
290113495291052.06, 225350879935093.38
275266549382194.9, 221827875821127.25
298326993248756.06, 227299845552175.7
216978578141985.38, 207996831798026.7
243808961693402.94, 214363363488193.56
307264280113447.75, 229420557689560.16
303218039258210.6, 228460432740859.8
216733396630730.6, 207938653134339.12
275186655531888.62, 221808917958342.72
320018489903154.06, 232446980351524.34
252498853198778.03, 216425371642011.4
341669693322583.25, 237584554044270.25
277924126225527.7, 222458487275477.4
308052555933204.4, 229607606189163.4
345383584057707.56, 238465816252604.84
308049670569880.94, 229606921526679.88
303703760160772.9, 228575688548247.47
271385772196525.9, 220907013438087.16
233872836960319.28, 212005638975258.47
295727731385661.2, 226683071550763.34
277694072076053.4, 222403898155263.2
435504977885498.06, 259850553771063.62
656659847161300.4, 312327980378881.1
284578597912177.8, 224037514455360.5
363651281048507, 242800524013133.53
407765718280861.25, 253268356576743
274276771496882.47, 221593013272070.06
253313882251101.62, 216618768366291.56
324364987545878.06, 233478352673526.66
290446881650578.8, 225429988562777.7
281277633260927.56, 223254234707606.2
268502291683777.34, 220222797723197.7
281690162669564.9, 223352123041859.12
278323355462122.1, 222553219636703.22
264042894250315.88, 219164635620342.4
295656744116909.7, 226666227114110.44
304185023985519.94, 228689886743950.16
284114638200931.75, 223927422320488.56
286143209810822.2, 224408778295716.78
279388775895352.34, 222806031264927.34
335520114251184.56, 236125331891735
289731103070090.75, 225260142797916.12
569286793537916.5, 291595391383501.9
389937681150538.75, 249037974884802.06
278119247382156.2, 222504787210948.6
285688801910942.25, 224300952692355.44
286780557924352.2, 224560013441300.2
698821879686232.1, 322332530469542.9
295826835653715.75, 226706587817759.34
438091336610349.25, 260464266010858.8
239505959606701.16, 213342312145586.38
264246495959871.28, 219212947890406.4
263084033794759.9, 410343750524776.1
265027864016260.2, 399831199326866.44
269141390640290.53, 377584575747926.8
267124045890285.34, 388494705518363.06
265898469204793.03, 395122824327658.25
263392896172457.9, 408673372359674.7
264160120266936.97, 404524099195655.3
267004302439243.84, 389142297651546.7
269808478177502.6, 373976857434433.06
264318731228562.66, 403666305219516.4
267481118437728.53, 386563598884231.56
265395450580219.44, 397843231174841.94
266472827037632.75, 392016603394953.6
263562381059549.03, 407756770419283.94
264917147556693.62, 400429972016359.1
262596399258141.88, 412980957712608.4
262579976136684.9, 413069776634773.56
269787539602995.16, 374090096663912.06
269559364373677.2, 375324105557162.25
266793239970876.47, 390283757939655.94
263765978496413.6, 406655682240322.5
261197131959295.28, 420548423716574.6
263097286245379.8, 410272079108158.25
263707922766727.56, 406969657104951.06
270395220064256, 370803661516276.9
266912587699596.2, 389638305937396.25
250635825253652.03, 477665694675665.7
265722912559632.03, 396072263326998.3
267328099043363.56, 387391152751715.56
268470024884265.75, 381215431367244.56
270012913130068.03, 372871239833824.06
263181188902231.97, 409818319841508.9
267127570599118.1, 388475643317532.9
269929709729997.72, 373321217405632.9
265016179863313.75, 399894389133617.6
264129816368834.84, 404687987624166.8
52604633203560.84, 1548650712905750.8
266669742541792.53, 390951652198987.44
265653747606636.6, 396446318685034.9
276452691652027.03, 205360846843088.75
246450681801746.6, 113211816588655.97
261859778205621.78, 160539755543415.47
258044463761070.4, 148821289749436.25
259918426188484.34, 154577031490779.06
260537725572802.62, 156479165314042.38
284430393698370.2, 229863788842571.28
271789431008900.28, 191037974867770.88
-78386795441011.14, -884503292085528.5
277214448298108, 207700527970337.44
288970563096774.94, 243808594851957.3
285058589546677.25, 231793247519514.4
270012254687042.34, 185579504736350.06
262696522609649.97, 163109756212930.62
261667123138684.6, 159948029266394.12
289940455271981.1, 246787549390090.6
284323647889440.25, 229535926715143.62
265409344567575.03, 171441995083700.44
282811394045590.44, 224891147051890.62
274542947119149.1, 199495202920677.94
266264323505323.88, 174068001821071.9
279401494604021.9, 214417884481358.72
274676861926450.28, 199906512685960.16
264717152937368.34, 169315977933779.9
119367100217400.77, -277116326848977.7
271091350823753.12, 188893871441961.75
275628156931837.6, 202828347345364.03
284272860023678.75, 229379935413161.88
249048251775970.75, 121190067223773.02
241035135910555.72, 96578354208569.72
291592750307509.9, 251862455570643.2
272062775963662.2, 191877534371682.44
210988043493128.47, 4290856069328.8438
285981873372582.3, 234629047841937.1
273901848466439.06, 197526114201640
285454233311284.7, 233008439082237.25
289882410189371.6, 246609268064932.84
282265322262312.4, 223213926574679.44
266294903020303.56, 174161924617080.94
275044429760477.3, 201035471033328.88
239658757121450.25, 92350905070602.9
275551517339920.5, 202592954313047.25
91893557589990.8, -361499350633165.4
279521003376336.44, 214784947139181.9
253208368531723.7, 133967568687871.33
263171196304890.3, 164567682562597.38
284333940455373.2, 229567539596223.38
284463502953588.3, 229965481555026.97
280789743795498.75, 218681792712323.3
291487443820699, 251539014218295.5
289140356081269.7, 244330101875762.62
287896777042835.5, 240510537686286.2
285063158994184.6, 231807282251144.22
274525668552978.4, 199442133038867.97
260355383753517.3, 155919115440523.2
206941826655064.84, -8136809933295.094
210332042712930.44, 2275996530149.2188
277109158175615.38, 207377136879824.38
278270999693175.03, 210945650112329.03
265556783659505.22, 171894843723200.3
266946352204980.12, 176162804255730.38
269572693229193.28, 184229423115813.66
234572653728034.66, 76729301790826.44
246858587485724.9, 114464669760875.08
285380970861559, 232783418700936.94
249407806716844.16, 122294414542169.9
231619718223827.1, 67659571313617.5
286388241742472.4, 235877179263742.28
202773865251638.53, -20938405672390.22
269174354517618.6, 183005954215977.12
271060322950911.12, 188798571546804.2
155410143131130.94, -166412695042520.7
283135856554296.75, 225887710471488.6
268969169485984.88, 182375743047387.8
277023949730752.47, 207115425227745.44
273056954823984.72, 194931083728387.34
281826840146662.2, 221867160076611
255318771802789.34, 140449521591858.7
284919248383842.94, 231365271090809.03
277737997636765.97, 209308572367644.06
267399335577243.5, 177554110327682.2
218949011185510.7, 28742399695931.406
291771142575913.5, 252410374680740.03
268197417419191.06, 180005361699378.25
274259715627989.8, 198625277626403
269820345791206.2, 184990070270567.56
186668550321438.7, -70404730100861.12
279558421161888.84, 214899873194807.16
289881465921351, 246606367813155.22
290023535750416.1, 247042725145283.8
291481250808569.6, 251519992823898.12
277578054692969.44, 208817319040269
277205288347567.22, 207672393836533.6
288796874527411.2, 243275122817482.94
278469065214703.16, 211553994214165.4
281839962605838.3, 221907464772651.97
258136237091819.8, 149103164979595.12
284560969983384.6, 230264844575115.62
280862718674343.3, 218905929840203.03
-1281313148283881.8, -4579205661531488
257675052797354.03, 147686670360878.8
281846871463073.1, 221928684834158.88
279602833907443.62, 215036283770439.7
277413229274809.7, 208311069541635.47
285038153038335.1, 231730478243892.16
263562962184081.9, 165770963477257.28
277853315595284, 209662763240235.12
285980424737227.9, 234624598461919.9
284428104842191.5, 229856758784308.2
279906054742435.6, 215967604906486.47
267084151205022.16, 176586044041573.75
284590017622535.06, 230354062323934.84
247238229093424.22, 115630711841665.83
277257969313625.72, 207834199660856.12
258495182506581.56, 150205640182077.66
276738044630296.28, 206237288133487.16
284371853089621.6, 229683985544272.12
290492606277756.8, 248483441764973.06
281100487899582.53, 219636221032009.22
275958036968834.97, 203841550316141.7
261343440962858.9, 383778309106746.9
271525478106789.06, 539179564532959.6
262155715645914.6, 396175485007154.2
261116038677985.16, 380307628332690.1
262276855119671.28, 398024351401703
262227619437593.84, 397272901893275.2
262994396673162.47, 408975682324658.6
262848358618033.06, 406746806434077
265574184763835.44, 448349169413454.25
259801911810900.47, 360251036312102.5
262100117329244.9, 395326927092080.75
262480863151418.03, 401137982181313.2
350421929840356.7, 1743320491810852.2
261614818472334.44, 387920152734971.8
263163078120155.66, 411550148343521.9
262012465214239.44, 393989154648308.75
259919887462300.12, 362051615516251.4
263211174680134.72, 412284212234349.9
263233242075723.78, 412621011337520.6
260270394729779.62, 367401160860897.5
260481884905663.38, 370628986332172.44
259985480876761.62, 363052721563196.56
268155390363483.66, 487744290942511.5
262772233365132.6, 405584960361120.7
263081268180628.8, 410301540905825.3
270335069878975, 521011202892059.75
262915378165393.2, 407769678542147.1
265490552113405.4, 447072743224104.1
261776902323314.16, 390393924296645.9
262564249381916.16, 402410647436948.5
262491173799303.88, 401295346331833.2
259714727337484.56, 358920401152263.06
260952603151137.16, 377813227095059.2
263058855610054.56, 409959473640175.7
260159459552421, 365708035449079.8
262734966830671.97, 405016187515500.4
261201593656689.53, 381613393663407.75
264067485838542.56, 425353485815951.5
260237602800148, 366900680754552.56
262365000329120.78, 399369649598383.06
260501138273652.75, 370922836915748
275702791132419.06, 256166607046526.3
254700099137073.72, 240488541190846
308560138000786.2, 280693922314462.38
356259273401788.6, 316300319163098
216852165508587.47, 212235858341412.62
209509820296195.22, 206754952760331.06
undefined
